id,alias,name,image_url,is_closed,url,review_count,categories,rating,coordinates,transactions,location,phone,display_phone,distance,price
epvSBt9LldIgyc08f8nIAw,la-bicyclette-bakery-brooklyn-4,La Bicyclette Bakery,https://s3-media2.fl.yelpcdn.com/bphoto/aPBPM3BiLkpON5pp6JD1Jw/o.jpg,False,https://www.yelp.com/biz/la-bicyclette-bakery-brooklyn-4?adjust_creative=Mra4JCUPAsrzN2f8nCOuQg&utm_campaign=yelp_api_v3&utm_medium=api_v3_business_search&utm_source=Mra4JCUPAsrzN2f8nCOuQg,3,"[{'alias': 'bakeries', 'title': 'Bakeries'}]",4.5,"{'latitude': 40.68358704921419, 'longitude': -73.99509019999999}",[],"{'address1': '305 Court St', 'address2': '', 'address3': None, 'city': 'Brooklyn', 'zip_code': '11231', 'country': 'US', 'state': 'NY', 'display_address': ['305 Court St', 'Brooklyn, NY 11231']}",,,2431.404071072425,
-k_5NsYnKCHGTdBaqegkrw,le-fournil-new-york,Le Fournil,https://s3-media2.fl.yelpcdn.com/bphoto/JxNmFcQ0ePH6U9ZNDQCS9w/o.jpg,False,https://www.yelp.com/biz/le-fournil-new-york?adjust_creative=Mra4JCUPAsrzN2f8nCOuQg&utm_campaign=yelp_api_v3&utm_medium=api_v3_business_search&utm_source=Mra4JCUPAsrzN2f8nCOuQg,118,"[{'alias': 'bakeries', 'title': 'Bakeries'}]",4.5,"{'latitude': 40.727947, 'longitude': -73.988489}",['delivery'],"{'address1': '115 2nd Ave', 'address2': '', 'address3': None, 'city': 'New York', 'zip_code': '10003', 'country': 'US', 'state': 'NY', 'display_address': ['115 2nd Ave', 'New York, NY 10003']}",,,2548.470476989717,$$
0kW0112jMERVjpRzWT4F7Q,la-bicyclette-bakery-brooklyn-3,La Bicyclette Bakery,https://s3-media3.fl.yelpcdn.com/bphoto/_qCjVd04AucsS-KZQuMWRw/o.jpg,False,https://www.yelp.com/biz/la-bicyclette-bakery-brooklyn-3?adjust_creative=Mra4JCUPAsrzN2f8nCOuQg&utm_campaign=yelp_api_v3&utm_medium=api_v3_business_search&utm_source=Mra4JCUPAsrzN2f8nCOuQg,84,"[{'alias': 'bakeries', 'title': 'Bakeries'}]",5.0,"{'latitude': 40.714400045936806, 'longitude': -73.95911000669003}",['delivery'],"{'address1': '667 Driggs Ave', 'address2': None, 'address3': '', 'city': 'Brooklyn', 'zip_code': '11211', 'country': 'US', 'state': 'NY', 'display_address': ['667 Driggs Ave', 'Brooklyn, NY 11211']}",+13479161417,(347) 916-1417,3128.2401710620916,
XSwagBljEsxG2i1rq4GEAQ,almondine-bakery-brooklyn,Almondine Bakery,https://s3-media2.fl.yelpcdn.com/bphoto/n_j7yalGH6b-0qeBboG1Cg/o.jpg,False,https://www.yelp.com/biz/almondine-bakery-brooklyn?adjust_creative=Mra4JCUPAsrzN2f8nCOuQg&utm_campaign=yelp_api_v3&utm_medium=api_v3_business_search&utm_source=Mra4JCUPAsrzN2f8nCOuQg,404,"[{'alias': 'bakeries', 'title': 'Bakeries'}]",4.0,"{'latitude': 40.7033174, 'longitude': -73.9912506}",['delivery'],"{'address1': '85 Water St', 'address2': None, 'address3': '', 'city': 'Brooklyn', 'zip_code': '11201', 'country': 'US', 'state': 'NY', 'display_address': ['85 Water St', 'Brooklyn, NY 11201']}",+17187975026,(718) 797-5026,348.91633855519586,$$
fPQ2eE9lm8tc87O5-GLjyA,mille-feuille-bakery-new-york-3,Mille-Feuille Bakery,https://s3-media1.fl.yelpcdn.com/bphoto/HHm3mmeMWDPKZrPvsI1xuA/o.jpg,False,https://www.yelp.com/biz/mille-feuille-bakery-new-york-3?adjust_creative=Mra4JCUPAsrzN2f8nCOuQg&utm_campaign=yelp_api_v3&utm_medium=api_v3_business_search&utm_source=Mra4JCUPAsrzN2f8nCOuQg,441,"[{'alias': 'coffee', 'title': 'Coffee & Tea'}, {'alias': 'bakeries', 'title': 'Bakeries'}]",4.5,"{'latitude': 40.782425, 'longitude': -73.9811603}","['delivery', 'pickup']","{'address1': '2175 Broadway', 'address2': '', 'address3': '', 'city': 'New York', 'zip_code': '10024', 'country': 'US', 'state': 'NY', 'display_address': ['2175 Broadway', 'New York, NY 10024']}",+12123626261,(212) 362-6261,8630.99662794525,$$
ga6sRtE0l85iftw_5-W84Q,dominique-ansel-bakery-new-york,Dominique Ansel Bakery,https://s3-media3.fl.yelpcdn.com/bphoto/ZgNVcBgeREThhB-FQXz51Q/o.jpg,False,https://www.yelp.com/biz/dominique-ansel-bakery-new-york?adjust_creative=Mra4JCUPAsrzN2f8nCOuQg&utm_campaign=yelp_api_v3&utm_medium=api_v3_business_search&utm_source=Mra4JCUPAsrzN2f8nCOuQg,5384,"[{'alias': 'bakeries', 'title': 'Bakeries'}, {'alias': 'desserts', 'title': 'Desserts'}]",4.0,"{'latitude': 40.72516, 'longitude': -74.00296}",['delivery'],"{'address1': '189 Spring St', 'address2': '', 'address3': '', 'city': 'New York', 'zip_code': '10012', 'country': 'US', 'state': 'NY', 'display_address': ['189 Spring St', 'New York, NY 10012']}",+12122192773,(212) 219-2773,2312.769277430363,$$
nkssBtuLaKgxeLfNJjnSeQ,bread-story-new-york-new-york,Bread Story New York,https://s3-media3.fl.yelpcdn.com/bphoto/gy6dDlE8JoJOCiLe8Bd4ow/o.jpg,False,https://www.yelp.com/biz/bread-story-new-york-new-york?adjust_creative=Mra4JCUPAsrzN2f8nCOuQg&utm_campaign=yelp_api_v3&utm_medium=api_v3_business_search&utm_source=Mra4JCUPAsrzN2f8nCOuQg,74,"[{'alias': 'bakeries', 'title': 'Bakeries'}, {'alias': 'cakeshop', 'title': 'Patisserie/Cake Shop'}, {'alias': 'desserts', 'title': 'Desserts'}]",4.5,"{'latitude': 40.731988819247285, 'longitude': -73.98156216802064}",[],"{'address1': '264 1st Ave', 'address2': None, 'address3': '', 'city': 'New York', 'zip_code': '10009', 'country': 'US', 'state': 'NY', 'display_address': ['264 1st Ave', 'New York, NY 10009']}",+13476333780,(347) 633-3780,3140.514568609332,
KgpOYAG-r_eDsQXFXt0nnQ,balthazar-new-york-2,Balthazar,https://s3-media2.fl.yelpcdn.com/bphoto/HY95-fSwf_JNsygeeEzzaA/o.jpg,False,https://www.yelp.com/biz/balthazar-new-york-2?adjust_creative=Mra4JCUPAsrzN2f8nCOuQg&utm_campaign=yelp_api_v3&utm_medium=api_v3_business_search&utm_source=Mra4JCUPAsrzN2f8nCOuQg,3619,"[{'alias': 'french', 'title': 'French'}, {'alias': 'breakfast_brunch', 'title': 'Breakfast & Brunch'}]",4.0,"{'latitude': 40.7226892950401, 'longitude': -73.9982149184027}","['delivery', 'pickup']","{'address1': '80 Spring St', 'address2': '', 'address3': '', 'city': 'New York', 'zip_code': '10012', 'country': 'US', 'state': 'NY', 'display_address': ['80 Spring St', 'New York, NY 10012']}",+12129651414,(212) 965-1414,1945.7706937139035,$$$
xTnivXEdEtXrnhp-z4JGvg,la-parisienne-new-york-5,La Parisienne,https://s3-media2.fl.yelpcdn.com/bphoto/ywbWsBIM-z7OHvhMoHUg5A/o.jpg,False,https://www.yelp.com/biz/la-parisienne-new-york-5?adjust_creative=Mra4JCUPAsrzN2f8nCOuQg&utm_campaign=yelp_api_v3&utm_medium=api_v3_business_search&utm_source=Mra4JCUPAsrzN2f8nCOuQg,843,"[{'alias': 'cafes', 'title': 'Cafes'}, {'alias': 'breakfast_brunch', 'title': 'Breakfast & Brunch'}, {'alias': 'wine_bars', 'title': 'Wine Bars'}]",4.5,"{'latitude': 40.70961, 'longitude': -74.0093799}","['delivery', 'pickup']","{'address1': '9 Maiden Ln', 'address2': None, 'address3': '', 'city': 'New York', 'zip_code': '10038', 'country': 'US', 'state': 'NY', 'display_address': ['9 Maiden Ln', 'New York, NY 10038']}",+16467564911,(646) 756-4911,1350.1089630689858,$$
KakiWGOfm_h5rEqOyKD7zQ,dominique-ansel-workshop-new-york,Dominique Ansel Workshop,https://s3-media4.fl.yelpcdn.com/bphoto/K9QAbcWc84yvu5ccE1-I4Q/o.jpg,False,https://www.yelp.com/biz/dominique-ansel-workshop-new-york?adjust_creative=Mra4JCUPAsrzN2f8nCOuQg&utm_campaign=yelp_api_v3&utm_medium=api_v3_business_search&utm_source=Mra4JCUPAsrzN2f8nCOuQg,191,"[{'alias': 'bakeries', 'title': 'Bakeries'}, {'alias': 'coffee', 'title': 'Coffee & Tea'}, {'alias': 'breakfast_brunch', 'title': 'Breakfast & Brunch'}]",4.0,"{'latitude': 40.74368, 'longitude': -73.98658}",[],"{'address1': '17 E 27th St', 'address2': '', 'address3': None, 'city': 'New York', 'zip_code': '10016', 'country': 'US', 'state': 'NY', 'display_address': ['17 E 27th St', 'New York, NY 10016']}",+12129011015,(212) 901-1015,4311.226067535746,$$
b5x-Fw7I7Y88TdFIzvbsnw,supermoon-bakehouse-new-york,Supermoon Bakehouse,https://s3-media1.fl.yelpcdn.com/bphoto/2_NRG9aWYqcTp718ov32Pg/o.jpg,False,https://www.yelp.com/biz/supermoon-bakehouse-new-york?adjust_creative=Mra4JCUPAsrzN2f8nCOuQg&utm_campaign=yelp_api_v3&utm_medium=api_v3_business_search&utm_source=Mra4JCUPAsrzN2f8nCOuQg,986,"[{'alias': 'bakeries', 'title': 'Bakeries'}, {'alias': 'desserts', 'title': 'Desserts'}, {'alias': 'sandwiches', 'title': 'Sandwiches'}]",4.5,"{'latitude': 40.71991, 'longitude': -73.9872}","['delivery', 'pickup']","{'address1': '120 Rivington St', 'address2': '', 'address3': None, 'city': 'New York', 'zip_code': '10002', 'country': 'US', 'state': 'NY', 'display_address': ['120 Rivington St', 'New York, NY 10002']}",+13476541211,(347) 654-1211,1714.9424016310745,$$
Wv6jzavopKvQT7RqeXttKA,le-petit-monstre-brooklyn,Le Petit Monstre,https://s3-media4.fl.yelpcdn.com/bphoto/NrgEUcRudslwpqV77zrlhQ/o.jpg,False,https://www.yelp.com/biz/le-petit-monstre-brooklyn?adjust_creative=Mra4JCUPAsrzN2f8nCOuQg&utm_campaign=yelp_api_v3&utm_medium=api_v3_business_search&utm_source=Mra4JCUPAsrzN2f8nCOuQg,55,"[{'alias': 'cakeshop', 'title': 'Patisserie/Cake Shop'}, {'alias': 'vegan', 'title': 'Vegan'}, {'alias': 'gardening', 'title': 'Nurseries & Gardening'}]",4.5,"{'latitude': 40.69631115490488, 'longitude': -73.96770130204715}","['delivery', 'pickup']","{'address1': '82 Washington Ave', 'address2': '', 'address3': None, 'city': 'Brooklyn', 'zip_code': '11205', 'country': 'US', 'state': 'NY', 'display_address': ['82 Washington Ave', 'Brooklyn, NY 11205']}",,,2461.0231986129706,$$
J-jHnvA_D99YqaJAW6IM9w,le-french-tart-deli-brooklyn-2,Le French Tart Deli,https://s3-media3.fl.yelpcdn.com/bphoto/79qoiZ2BB9CnMlbryuibsw/o.jpg,False,https://www.yelp.com/biz/le-french-tart-deli-brooklyn-2?adjust_creative=Mra4JCUPAsrzN2f8nCOuQg&utm_campaign=yelp_api_v3&utm_medium=api_v3_business_search&utm_source=Mra4JCUPAsrzN2f8nCOuQg,30,"[{'alias': 'delis', 'title': 'Delis'}, {'alias': 'bakeries', 'title': 'Bakeries'}, {'alias': 'sandwiches', 'title': 'Sandwiches'}]",4.0,"{'latitude': 40.6996979, 'longitude': -73.99207807017368}",[],"{'address1': '44 Henry St', 'address2': '', 'address3': None, 'city': 'Brooklyn', 'zip_code': '11201', 'country': 'US', 'state': 'NY', 'display_address': ['44 Henry St', 'Brooklyn, NY 11201']}",+19293377888,(929) 337-7888,665.7559422928616,
YnPNXJvUsn2jymwBeLpQ4g,mille-feuille-bakery-brooklyn,Mille-Feuille Bakery,https://s3-media3.fl.yelpcdn.com/bphoto/kWnwkckASzYXgg2wRlZmbQ/o.jpg,False,https://www.yelp.com/biz/mille-feuille-bakery-brooklyn?adjust_creative=Mra4JCUPAsrzN2f8nCOuQg&utm_campaign=yelp_api_v3&utm_medium=api_v3_business_search&utm_source=Mra4JCUPAsrzN2f8nCOuQg,155,"[{'alias': 'bakeries', 'title': 'Bakeries'}, {'alias': 'cookingclasses', 'title': 'Cooking Classes'}]",4.5,"{'latitude': 40.677621, 'longitude': -73.96912}","['delivery', 'pickup']","{'address1': '622 Vanderbilt Ave', 'address2': '', 'address3': None, 'city': 'Brooklyn', 'zip_code': '11238', 'country': 'US', 'state': 'NY', 'display_address': ['622 Vanderbilt Ave', 'Brooklyn, NY 11238']}",+13473508838,(347) 350-8838,3751.8729863207573,
2VbJqKra1k-4GA4o6-FeTQ,radio-bakery-brooklyn-2,Radio Bakery,https://s3-media4.fl.yelpcdn.com/bphoto/BvzldY4DFLZ-9WDn50o2EA/o.jpg,False,https://www.yelp.com/biz/radio-bakery-brooklyn-2?adjust_creative=Mra4JCUPAsrzN2f8nCOuQg&utm_campaign=yelp_api_v3&utm_medium=api_v3_business_search&utm_source=Mra4JCUPAsrzN2f8nCOuQg,24,"[{'alias': 'bakeries', 'title': 'Bakeries'}, {'alias': 'breakfast_brunch', 'title': 'Breakfast & Brunch'}, {'alias': 'sandwiches', 'title': 'Sandwiches'}]",4.5,"{'latitude': 40.73237, 'longitude': -73.95511}",[],"{'address1': '135 India St', 'address2': '', 'address3': None, 'city': 'Brooklyn', 'zip_code': '11222', 'country': 'US', 'state': 'NY', 'display_address': ['135 India St', 'Brooklyn, NY 11222']}",,,4461.635568335142,
inrdLiBjiJ_ngHXirw4pPg,lysee-new-york-5,Lysee,https://s3-media2.fl.yelpcdn.com/bphoto/8VID1A7rdoIcZhogWpWJjw/o.jpg,False,https://www.yelp.com/biz/lysee-new-york-5?adjust_creative=Mra4JCUPAsrzN2f8nCOuQg&utm_campaign=yelp_api_v3&utm_medium=api_v3_business_search&utm_source=Mra4JCUPAsrzN2f8nCOuQg,206,"[{'alias': 'desserts', 'title': 'Desserts'}, {'alias': 'coffee', 'title': 'Coffee & Tea'}, {'alias': 'panasian', 'title': 'Pan Asian'}]",4.0,"{'latitude': 40.73917, 'longitude': -73.98819}",[],"{'address1': '44 E 21st St', 'address2': '', 'address3': None, 'city': 'New York', 'zip_code': '10010', 'country': 'US', 'state': 'NY', 'display_address': ['44 E 21st St', 'New York, NY 10010']}",,,3780.5121148897765,$$$
jWC4mD-yy-IzuZxU5ctAKw,mias-bakery-brooklyn,Mia's Bakery,https://s3-media1.fl.yelpcdn.com/bphoto/KYDWqNIFIuefvs4BBJQtqw/o.jpg,False,https://www.yelp.com/biz/mias-bakery-brooklyn?adjust_creative=Mra4JCUPAsrzN2f8nCOuQg&utm_campaign=yelp_api_v3&utm_medium=api_v3_business_search&utm_source=Mra4JCUPAsrzN2f8nCOuQg,1092,"[{'alias': 'bakeries', 'title': 'Bakeries'}, {'alias': 'cafes', 'title': 'Cafes'}, {'alias': 'desserts', 'title': 'Desserts'}]",4.5,"{'latitude': 40.6870199, 'longitude': -73.9901299}","['pickup', 'delivery']","{'address1': '139 Smith St', 'address2': None, 'address3': '', 'city': 'Brooklyn', 'zip_code': '11201', 'country': 'US', 'state': 'NY', 'display_address': ['139 Smith St', 'Brooklyn, NY 11201']}",+13479873194,(347) 987-3194,2081.025885948994,$$
iTcxncdrcQRK1tdcbFIqGQ,aux-merveilleux-de-fred-new-york,Aux Merveilleux De Fred,https://s3-media1.fl.yelpcdn.com/bphoto/RabwEhAwHUiFnJlLxIHw6A/o.jpg,False,https://www.yelp.com/biz/aux-merveilleux-de-fred-new-york?adjust_creative=Mra4JCUPAsrzN2f8nCOuQg&utm_campaign=yelp_api_v3&utm_medium=api_v3_business_search&utm_source=Mra4JCUPAsrzN2f8nCOuQg,457,"[{'alias': 'desserts', 'title': 'Desserts'}, {'alias': 'bakeries', 'title': 'Bakeries'}, {'alias': 'cakeshop', 'title': 'Patisserie/Cake Shop'}]",4.5,"{'latitude': 40.73835064346807, 'longitude': -74.00412204723874}","['delivery', 'pickup']","{'address1': '37 8th Ave', 'address2': '', 'address3': '', 'city': 'New York', 'zip_code': '10014', 'country': 'US', 'state': 'NY', 'display_address': ['37 8th Ave', 'New York, NY 10014']}",+19174751992,(917) 475-1992,3751.534985878222,$$
fb7u7SAvscRrCU7hLMjlEw,frenchette-bakery-new-york,Frenchette Bakery,https://s3-media1.fl.yelpcdn.com/bphoto/VN13zXPN3AzVeH_RBzBxbQ/o.jpg,False,https://www.yelp.com/biz/frenchette-bakery-new-york?adjust_creative=Mra4JCUPAsrzN2f8nCOuQg&utm_campaign=yelp_api_v3&utm_medium=api_v3_business_search&utm_source=Mra4JCUPAsrzN2f8nCOuQg,70,"[{'alias': 'bakeries', 'title': 'Bakeries'}]",4.5,"{'latitude': 40.716923, 'longitude': -74.0067617982603}",['delivery'],"{'address1': '220 Church St', 'address2': '', 'address3': None, 'city': 'New York', 'zip_code': '10013', 'country': 'US', 'state': 'NY', 'display_address': ['220 Church St', 'New York, NY 10013']}",+12122271787,(212) 227-1787,1653.3070732529673,
h7M1s9arHO5dcMf-XxzOLA,ebb-and-flow-bakery-brooklyn,Ebb & Flow Bakery,https://s3-media1.fl.yelpcdn.com/bphoto/cp6O1BykYWqCjtlR_Kg2mw/o.jpg,False,https://www.yelp.com/biz/ebb-and-flow-bakery-brooklyn?adjust_creative=Mra4JCUPAsrzN2f8nCOuQg&utm_campaign=yelp_api_v3&utm_medium=api_v3_business_search&utm_source=Mra4JCUPAsrzN2f8nCOuQg,28,"[{'alias': 'bakeries', 'title': 'Bakeries'}, {'alias': 'sandwiches', 'title': 'Sandwiches'}, {'alias': 'coffee', 'title': 'Coffee & Tea'}]",4.0,"{'latitude': 40.69411, 'longitude': -74.0005}","['delivery', 'pickup']","{'address1': '159 Bridge Park Dr', 'address2': '', 'address3': None, 'city': 'Brooklyn', 'zip_code': '11201', 'country': 'US', 'state': 'NY', 'display_address': ['159 Bridge Park Dr', 'Brooklyn, NY 11201']}",+17186189775,(718) 618-9775,1365.580713910861,
meVzfRH_wLAJjcrCAhkh1g,patisserie-chanson-new-york-3,Patisserie Chanson,https://s3-media4.fl.yelpcdn.com/bphoto/l_xOozun3Sotobzb89sOXw/o.jpg,False,https://www.yelp.com/biz/patisserie-chanson-new-york-3?adjust_creative=Mra4JCUPAsrzN2f8nCOuQg&utm_campaign=yelp_api_v3&utm_medium=api_v3_business_search&utm_source=Mra4JCUPAsrzN2f8nCOuQg,506,"[{'alias': 'desserts', 'title': 'Desserts'}, {'alias': 'bakeries', 'title': 'Bakeries'}, {'alias': 'breakfast_brunch', 'title': 'Breakfast & Brunch'}]",4.0,"{'latitude': 40.7417, 'longitude': -73.990571}","['pickup', 'delivery']","{'address1': '20 W 23rd St', 'address2': '', 'address3': None, 'city': 'New York', 'zip_code': '10010', 'country': 'US', 'state': 'NY', 'display_address': ['20 W 23rd St', 'New York, NY 10010']}",+19294238880,(929) 423-8880,4045.2541988512426,$$
fvDZVAvv_g4L-WWkbDpCXg,patisserie-claude-new-york,Patisserie Claude,https://s3-media1.fl.yelpcdn.com/bphoto/pbL_trMOpVtW_rzGn0qPeQ/o.jpg,False,https://www.yelp.com/biz/patisserie-claude-new-york?adjust_creative=Mra4JCUPAsrzN2f8nCOuQg&utm_campaign=yelp_api_v3&utm_medium=api_v3_business_search&utm_source=Mra4JCUPAsrzN2f8nCOuQg,273,"[{'alias': 'bakeries', 'title': 'Bakeries'}, {'alias': 'desserts', 'title': 'Desserts'}, {'alias': 'cafes', 'title': 'Cafes'}]",4.0,"{'latitude': 40.7327402, 'longitude': -74.0018208}","['delivery', 'pickup']","{'address1': '187 W 4th St', 'address2': '', 'address3': '', 'city': 'New York', 'zip_code': '10014', 'country': 'US', 'state': 'NY', 'display_address': ['187 W 4th St', 'New York, NY 10014']}",+12122555911,(212) 255-5911,3094.0515887033007,$
XvGF2azJZ4iOjllnPDnT1A,jacks-stir-brew-coffee-new-york-6,Jack's Stir Brew Coffee,https://s3-media4.fl.yelpcdn.com/bphoto/oIjWhivRfDTqu2-dSvROkQ/o.jpg,False,https://www.yelp.com/biz/jacks-stir-brew-coffee-new-york-6?adjust_creative=Mra4JCUPAsrzN2f8nCOuQg&utm_campaign=yelp_api_v3&utm_medium=api_v3_business_search&utm_source=Mra4JCUPAsrzN2f8nCOuQg,45,"[{'alias': 'bakeries', 'title': 'Bakeries'}, {'alias': 'coffeeroasteries', 'title': 'Coffee Roasteries'}]",4.0,"{'latitude': 40.71941, 'longitude': -74.004901}",['pickup'],"{'address1': '2 Ave Of The Americas', 'address2': '', 'address3': '', 'city': 'New York', 'zip_code': '10013', 'country': 'US', 'state': 'NY', 'display_address': ['2 Ave Of The Americas', 'New York, NY 10013']}",+19175865205,(917) 586-5205,1791.8472214391563,$$
aSDGr4NIfm1C6IspWSNaQw,orwashers-new-york,Orwashers,https://s3-media3.fl.yelpcdn.com/bphoto/70JlnYpD2YueX3u1-r9fuw/o.jpg,False,https://www.yelp.com/biz/orwashers-new-york?adjust_creative=Mra4JCUPAsrzN2f8nCOuQg&utm_campaign=yelp_api_v3&utm_medium=api_v3_business_search&utm_source=Mra4JCUPAsrzN2f8nCOuQg,515,"[{'alias': 'bakeries', 'title': 'Bakeries'}]",4.0,"{'latitude': 40.772191, 'longitude': -73.95505}",['delivery'],"{'address1': '308 E 78th St', 'address2': '', 'address3': '', 'city': 'New York', 'zip_code': '10075', 'country': 'US', 'state': 'NY', 'display_address': ['308 E 78th St', 'New York, NY 10075']}",+12122886569,(212) 288-6569,8124.619987999245,$$
Sgh7Uar8wv6WKA-UZ7hcXA,balthazar-boulangerie-new-york,Balthazar Boulangerie,https://s3-media2.fl.yelpcdn.com/bphoto/lyG-ygOcvvcNG_VJ9jWK3g/o.jpg,False,https://www.yelp.com/biz/balthazar-boulangerie-new-york?adjust_creative=Mra4JCUPAsrzN2f8nCOuQg&utm_campaign=yelp_api_v3&utm_medium=api_v3_business_search&utm_source=Mra4JCUPAsrzN2f8nCOuQg,394,"[{'alias': 'bakeries', 'title': 'Bakeries'}, {'alias': 'desserts', 'title': 'Desserts'}]",4.0,"{'latitude': 40.72276, 'longitude': -73.99842}",[],"{'address1': '80 Spring St', 'address2': '', 'address3': '', 'city': 'New York', 'zip_code': '10012', 'country': 'US', 'state': 'NY', 'display_address': ['80 Spring St', 'New York, NY 10012']}",+12129651785,(212) 965-1785,1945.0948834898422,$$
GVGhfMMEw2TrDh-GGVTUmA,le-french-tart-deli-new-york,Le French Tart Deli,https://s3-media2.fl.yelpcdn.com/bphoto/ncPhQvoYvsyiMga5TTrLPg/o.jpg,False,https://www.yelp.com/biz/le-french-tart-deli-new-york?adjust_creative=Mra4JCUPAsrzN2f8nCOuQg&utm_campaign=yelp_api_v3&utm_medium=api_v3_business_search&utm_source=Mra4JCUPAsrzN2f8nCOuQg,49,"[{'alias': 'delis', 'title': 'Delis'}, {'alias': 'french', 'title': 'French'}, {'alias': 'macarons', 'title': 'Macarons'}]",4.5,"{'latitude': 40.683691, 'longitude': -73.995502}","['delivery', 'pickup']","{'address1': '306 Court St', 'address2': None, 'address3': '', 'city': 'New York', 'zip_code': '11231', 'country': 'US', 'state': 'NY', 'display_address': ['306 Court St', 'New York, NY 11231']}",+13479160014,(347) 916-0014,2418.167362234124,
qpj8kc8y3SgLA6GWkVgX3g,partybus-bakeshop-new-york,Partybus Bakeshop,https://s3-media3.fl.yelpcdn.com/bphoto/Gu0rel7b9_gsUQnh1DWYaA/o.jpg,False,https://www.yelp.com/biz/partybus-bakeshop-new-york?adjust_creative=Mra4JCUPAsrzN2f8nCOuQg&utm_campaign=yelp_api_v3&utm_medium=api_v3_business_search&utm_source=Mra4JCUPAsrzN2f8nCOuQg,64,"[{'alias': 'bakeries', 'title': 'Bakeries'}, {'alias': 'coffee', 'title': 'Coffee & Tea'}, {'alias': 'sandwiches', 'title': 'Sandwiches'}]",4.5,"{'latitude': 40.715981, 'longitude': -73.989862}","['delivery', 'pickup']","{'address1': '31 Essex St', 'address2': '', 'address3': None, 'city': 'New York', 'zip_code': '10002', 'country': 'US', 'state': 'NY', 'display_address': ['31 Essex St', 'New York, NY 10002']}",+19172620732,(917) 262-0732,1227.979181826809,$
mv3qOn0hKd3Zx9kJYxqFGw,heritage-grand-bakery-new-york,Heritage Grand Bakery,https://s3-media1.fl.yelpcdn.com/bphoto/O46jOhBpueQNLZF3zdxY4A/o.jpg,False,https://www.yelp.com/biz/heritage-grand-bakery-new-york?adjust_creative=Mra4JCUPAsrzN2f8nCOuQg&utm_campaign=yelp_api_v3&utm_medium=api_v3_business_search&utm_source=Mra4JCUPAsrzN2f8nCOuQg,66,"[{'alias': 'bakeries', 'title': 'Bakeries'}, {'alias': 'breakfast_brunch', 'title': 'Breakfast & Brunch'}]",4.5,"{'latitude': 40.752312, 'longitude': -73.982668}",[],"{'address1': '8 W 40th St', 'address2': '', 'address3': None, 'city': 'New York', 'zip_code': '10018', 'country': 'US', 'state': 'NY', 'display_address': ['8 W 40th St', 'New York, NY 10018']}",+12124199163,(212) 419-9163,5302.958306295333,
9A2Kos-54qtumhZfOjJrsw,delice-macarons-new-york,Delice Macarons,https://s3-media2.fl.yelpcdn.com/bphoto/5JMuexTPvxNyJsGQozaRuA/o.jpg,False,https://www.yelp.com/biz/delice-macarons-new-york?adjust_creative=Mra4JCUPAsrzN2f8nCOuQg&utm_campaign=yelp_api_v3&utm_medium=api_v3_business_search&utm_source=Mra4JCUPAsrzN2f8nCOuQg,39,"[{'alias': 'macarons', 'title': 'Macarons'}]",4.5,"{'latitude': 40.780741294755344, 'longitude': -73.97994394232799}","['delivery', 'pickup']","{'address1': '321 Amsterdam Ave', 'address2': '', 'address3': None, 'city': 'New York', 'zip_code': '10023', 'country': 'US', 'state': 'NY', 'display_address': ['321 Amsterdam Ave', 'New York, NY 10023']}",+16469639913,(646) 963-9913,8459.392526844184,
VMSlE-GQZhcvkp2Mr03xfA,l-ami-pierre-new-york-2,L'ami Pierre,https://s3-media2.fl.yelpcdn.com/bphoto/URw_5yCa_OQb-6LY8iaWJQ/o.jpg,False,https://www.yelp.com/biz/l-ami-pierre-new-york-2?adjust_creative=Mra4JCUPAsrzN2f8nCOuQg&utm_campaign=yelp_api_v3&utm_medium=api_v3_business_search&utm_source=Mra4JCUPAsrzN2f8nCOuQg,28,"[{'alias': 'french', 'title': 'French'}, {'alias': 'coffee', 'title': 'Coffee & Tea'}, {'alias': 'bakeries', 'title': 'Bakeries'}]",4.0,"{'latitude': 40.761320187028105, 'longitude': -73.9815026}","['delivery', 'pickup']","{'address1': '149 W 51st St', 'address2': '', 'address3': None, 'city': 'New York', 'zip_code': '10019', 'country': 'US', 'state': 'NY', 'display_address': ['149 W 51st St', 'New York, NY 10019']}",,,6305.823137180197,
WHRHK3S1mQc3PmhwsGRvbw,bibble-and-sip-new-york-2,Bibble & Sip,https://s3-media1.fl.yelpcdn.com/bphoto/AX2Pzcojcn3fpd72aAuWNg/o.jpg,False,https://www.yelp.com/biz/bibble-and-sip-new-york-2?adjust_creative=Mra4JCUPAsrzN2f8nCOuQg&utm_campaign=yelp_api_v3&utm_medium=api_v3_business_search&utm_source=Mra4JCUPAsrzN2f8nCOuQg,5677,"[{'alias': 'coffee', 'title': 'Coffee & Tea'}, {'alias': 'bakeries', 'title': 'Bakeries'}, {'alias': 'desserts', 'title': 'Desserts'}]",4.5,"{'latitude': 40.7628355, 'longitude': -73.98518009478293}","['delivery', 'pickup']","{'address1': '253 W 51st St', 'address2': '', 'address3': '', 'city': 'New York', 'zip_code': '10019', 'country': 'US', 'state': 'NY', 'display_address': ['253 W 51st St', 'New York, NY 10019']}",+16466495116,(646) 649-5116,6427.569355387715,$$
bvc5P9vmRiNhyVWjd5bVcg,eclair-bakery-new-york,Eclair Bakery,https://s3-media2.fl.yelpcdn.com/bphoto/qjM8dIvuUOCIGnnet6R_5A/o.jpg,False,https://www.yelp.com/biz/eclair-bakery-new-york?adjust_creative=Mra4JCUPAsrzN2f8nCOuQg&utm_campaign=yelp_api_v3&utm_medium=api_v3_business_search&utm_source=Mra4JCUPAsrzN2f8nCOuQg,727,"[{'alias': 'bakeries', 'title': 'Bakeries'}, {'alias': 'coffee', 'title': 'Coffee & Tea'}, {'alias': 'macarons', 'title': 'Macarons'}]",4.5,"{'latitude': 40.756689, 'longitude': -73.966617}","['delivery', 'pickup']","{'address1': '305 E 53rd St', 'address2': '', 'address3': None, 'city': 'New York', 'zip_code': '10022', 'country': 'US', 'state': 'NY', 'display_address': ['305 E 53rd St', 'New York, NY 10022']}",+16464298555,(646) 429-8555,6156.82625750047,$$
g9R4NRonO1F8k77qv4Hx0A,les-gateaux-de-marie-new-york,Les Gateaux De Marie,https://s3-media2.fl.yelpcdn.com/bphoto/jwwPGmj0G_-hS4q9J79OLA/o.jpg,False,https://www.yelp.com/biz/les-gateaux-de-marie-new-york?adjust_creative=Mra4JCUPAsrzN2f8nCOuQg&utm_campaign=yelp_api_v3&utm_medium=api_v3_business_search&utm_source=Mra4JCUPAsrzN2f8nCOuQg,26,"[{'alias': 'bakeries', 'title': 'Bakeries'}, {'alias': 'customcakes', 'title': 'Custom Cakes'}, {'alias': 'cupcakes', 'title': 'Cupcakes'}]",4.5,"{'latitude': 40.77445, 'longitude': -73.95093}",[],"{'address1': '1582 1st Ave', 'address2': '', 'address3': None, 'city': 'New York', 'zip_code': '10028', 'country': 'US', 'state': 'NY', 'display_address': ['1582 1st Ave', 'New York, NY 10028']}",+19299881582,(929) 988-1582,8498.650072228647,
yVWKOC3QNwCElj-qUj1bFA,pierre-and-michel-authentic-french-bakery-elmwood-park-2,Pierre & Michel Authentic French Bakery,https://s3-media1.fl.yelpcdn.com/bphoto/YTIUo9G4Mt73GFu2Lt6HMg/o.jpg,False,https://www.yelp.com/biz/pierre-and-michel-authentic-french-bakery-elmwood-park-2?adjust_creative=Mra4JCUPAsrzN2f8nCOuQg&utm_campaign=yelp_api_v3&utm_medium=api_v3_business_search&utm_source=Mra4JCUPAsrzN2f8nCOuQg,263,"[{'alias': 'bakeries', 'title': 'Bakeries'}, {'alias': 'cakeshop', 'title': 'Patisserie/Cake Shop'}, {'alias': 'macarons', 'title': 'Macarons'}]",4.5,"{'latitude': 40.9197, 'longitude': -74.12436}",['delivery'],"{'address1': '95 Broadway', 'address2': '', 'address3': None, 'city': 'Elmwood Park', 'zip_code': '07407', 'country': 'US', 'state': 'NJ', 'display_address': ['95 Broadway', 'Elmwood Park, NJ 07407']}",+12013006580,(201) 300-6580,26217.9663298143,$$
csVEpHy5KJoFvM1qp5XwLQ,le-parisien-new-york,Le Parisien,https://s3-media2.fl.yelpcdn.com/bphoto/qsfi62ltjD37wYVHDIJ72g/o.jpg,False,https://www.yelp.com/biz/le-parisien-new-york?adjust_creative=Mra4JCUPAsrzN2f8nCOuQg&utm_campaign=yelp_api_v3&utm_medium=api_v3_business_search&utm_source=Mra4JCUPAsrzN2f8nCOuQg,1051,"[{'alias': 'french', 'title': 'French'}, {'alias': 'salad', 'title': 'Salad'}, {'alias': 'breakfast_brunch', 'title': 'Breakfast & Brunch'}]",4.0,"{'latitude': 40.7454079308793, 'longitude': -73.9791478306885}","['delivery', 'pickup']","{'address1': '163 East 33rd St', 'address2': '', 'address3': '', 'city': 'New York', 'zip_code': '10016', 'country': 'US', 'state': 'NY', 'display_address': ['163 East 33rd St', 'New York, NY 10016']}",+12128895489,(212) 889-5489,4623.334586884622,$$
G9b640a2fZs7s6Q-cWPkiQ,tin-building-by-jean-georges-new-york,Tin Building by Jean-Georges,https://s3-media2.fl.yelpcdn.com/bphoto/Hk-isNbt4KtuD6dHhilUGQ/o.jpg,False,https://www.yelp.com/biz/tin-building-by-jean-georges-new-york?adjust_creative=Mra4JCUPAsrzN2f8nCOuQg&utm_campaign=yelp_api_v3&utm_medium=api_v3_business_search&utm_source=Mra4JCUPAsrzN2f8nCOuQg,140,"[{'alias': 'grocery', 'title': 'Grocery'}, {'alias': 'food_court', 'title': 'Food Court'}, {'alias': 'publicmarkets', 'title': 'Public Markets'}]",4.0,"{'latitude': 40.706200062546294, 'longitude': -74.00226642004867}","['delivery', 'pickup']","{'address1': '96 South St', 'address2': '', 'address3': None, 'city': 'New York', 'zip_code': '10038', 'country': 'US', 'state': 'NY', 'display_address': ['96 South St', 'New York, NY 10038']}",+16468686000,(646) 868-6000,677.3131450588168,
g3jNtkQZVZrrC823oBxdtg,lafayette-grand-café-and-bakery-new-york,Lafayette Grand Café & Bakery,https://s3-media2.fl.yelpcdn.com/bphoto/g0VTxlzdaVS-iadjWb5-gw/o.jpg,False,https://www.yelp.com/biz/lafayette-grand-caf%C3%A9-and-bakery-new-york?adjust_creative=Mra4JCUPAsrzN2f8nCOuQg&utm_campaign=yelp_api_v3&utm_medium=api_v3_business_search&utm_source=Mra4JCUPAsrzN2f8nCOuQg,1415,"[{'alias': 'french', 'title': 'French'}, {'alias': 'brasseries', 'title': 'Brasseries'}, {'alias': 'bakeries', 'title': 'Bakeries'}]",3.5,"{'latitude': 40.727617, 'longitude': -73.993464}","['delivery', 'pickup']","{'address1': '380 Lafayette St', 'address2': '', 'address3': '', 'city': 'New York', 'zip_code': '10003', 'country': 'US', 'state': 'NY', 'display_address': ['380 Lafayette St', 'New York, NY 10003']}",+12125333000,(212) 533-3000,2466.4165560809,$$
E9IfI8hdEgpufFwMCxP-rg,atelier-ariana-brooklyn,Atelier Ariana,https://s3-media1.fl.yelpcdn.com/bphoto/kPb48NARCgdB8Pd6lfXckA/o.jpg,False,https://www.yelp.com/biz/atelier-ariana-brooklyn?adjust_creative=Mra4JCUPAsrzN2f8nCOuQg&utm_campaign=yelp_api_v3&utm_medium=api_v3_business_search&utm_source=Mra4JCUPAsrzN2f8nCOuQg,1,"[{'alias': 'desserts', 'title': 'Desserts'}, {'alias': 'cookingclasses', 'title': 'Cooking Classes'}, {'alias': 'catering', 'title': 'Caterers'}]",5.0,"{'latitude': 40.67645, 'longitude': -73.99771}",[],"{'address1': '16 Dennett Pl', 'address2': None, 'address3': '', 'city': 'Brooklyn', 'zip_code': '11231', 'country': 'US', 'state': 'NY', 'display_address': ['16 Dennett Pl', 'Brooklyn, NY 11231']}",+12487707628,(248) 770-7628,3235.006401749538,
hcGcjMrRcVSLzmBIsMIcwQ,chez-les-frenchies-new-york-2,Chez Les Frenchies,https://s3-media4.fl.yelpcdn.com/bphoto/KSezdyKR4ieH3p08UODqSA/o.jpg,False,https://www.yelp.com/biz/chez-les-frenchies-new-york-2?adjust_creative=Mra4JCUPAsrzN2f8nCOuQg&utm_campaign=yelp_api_v3&utm_medium=api_v3_business_search&utm_source=Mra4JCUPAsrzN2f8nCOuQg,41,"[{'alias': 'creperies', 'title': 'Creperies'}, {'alias': 'cafes', 'title': 'Cafes'}]",4.5,"{'latitude': 40.7687, 'longitude': -73.95182}","['delivery', 'pickup']","{'address1': '501 E 75th St', 'address2': '', 'address3': None, 'city': 'New York', 'zip_code': '10021', 'country': 'US', 'state': 'NY', 'display_address': ['501 E 75th St', 'New York, NY 10021']}",+13474625346,(347) 462-5346,7894.600368564261,
uwStYTWVMr-0BihJD7CmSQ,choc-o-pain-hoboken-9,Choc O Pain,https://s3-media1.fl.yelpcdn.com/bphoto/1wpmDn8-7br_qgWn0oyGsQ/o.jpg,False,https://www.yelp.com/biz/choc-o-pain-hoboken-9?adjust_creative=Mra4JCUPAsrzN2f8nCOuQg&utm_campaign=yelp_api_v3&utm_medium=api_v3_business_search&utm_source=Mra4JCUPAsrzN2f8nCOuQg,345,"[{'alias': 'bakeries', 'title': 'Bakeries'}, {'alias': 'french', 'title': 'French'}, {'alias': 'cookingclasses', 'title': 'Cooking Classes'}]",4.0,"{'latitude': 40.737588, 'longitude': -74.03221}","['delivery', 'pickup']","{'address1': '157 1st St', 'address2': None, 'address3': '', 'city': 'Hoboken', 'zip_code': '07030', 'country': 'US', 'state': 'NJ', 'display_address': ['157 1st St', 'Hoboken, NJ 07030']}",+12017105175,(201) 710-5175,4789.116872310386,$$
jqTCCgP1P0qv-ouHWynTjQ,angelina-new-york,Angelina,https://s3-media4.fl.yelpcdn.com/bphoto/Q05VN4QUo33HtLF-ewgakw/o.jpg,False,https://www.yelp.com/biz/angelina-new-york?adjust_creative=Mra4JCUPAsrzN2f8nCOuQg&utm_campaign=yelp_api_v3&utm_medium=api_v3_business_search&utm_source=Mra4JCUPAsrzN2f8nCOuQg,430,"[{'alias': 'bakeries', 'title': 'Bakeries'}, {'alias': 'coffee', 'title': 'Coffee & Tea'}, {'alias': 'french', 'title': 'French'}]",4.0,"{'latitude': 40.75316, 'longitude': -73.98491}","['delivery', 'pickup']","{'address1': '1050 6th Ave', 'address2': '', 'address3': None, 'city': 'New York', 'zip_code': '10018', 'country': 'US', 'state': 'NY', 'display_address': ['1050 6th Ave', 'New York, NY 10018']}",+15854385347,(585) 438-5347,5363.480882988317,$$
Yeyu5eTxwQLwAzixJpQ05Q,petit-chou-new-york,Petit Chou,https://s3-media3.fl.yelpcdn.com/bphoto/OLm3tia-bRfhUtnEG1sNUw/o.jpg,False,https://www.yelp.com/biz/petit-chou-new-york?adjust_creative=Mra4JCUPAsrzN2f8nCOuQg&utm_campaign=yelp_api_v3&utm_medium=api_v3_business_search&utm_source=Mra4JCUPAsrzN2f8nCOuQg,149,"[{'alias': 'bakeries', 'title': 'Bakeries'}, {'alias': 'cakeshop', 'title': 'Patisserie/Cake Shop'}, {'alias': 'desserts', 'title': 'Desserts'}]",4.5,"{'latitude': 40.731112, 'longitude': -73.983104}","['delivery', 'pickup']","{'address1': '229 1st Ave', 'address2': None, 'address3': '', 'city': 'New York', 'zip_code': '10003', 'country': 'US', 'state': 'NY', 'display_address': ['229 1st Ave', 'New York, NY 10003']}",+19174751620,(917) 475-1620,3005.982591646828,$$
Nlxn12mwBJaeoACQWf8CNA,little-flower-astoria,Little Flower,https://s3-media1.fl.yelpcdn.com/bphoto/JepUYveOGsS0l_u6e_aHHw/o.jpg,False,https://www.yelp.com/biz/little-flower-astoria?adjust_creative=Mra4JCUPAsrzN2f8nCOuQg&utm_campaign=yelp_api_v3&utm_medium=api_v3_business_search&utm_source=Mra4JCUPAsrzN2f8nCOuQg,81,"[{'alias': 'coffee', 'title': 'Coffee & Tea'}, {'alias': 'sandwiches', 'title': 'Sandwiches'}, {'alias': 'cafes', 'title': 'Cafes'}]",4.5,"{'latitude': 40.75797, 'longitude': -73.932117}","['delivery', 'pickup']","{'address1': '25-35 36th Ave', 'address2': '', 'address3': None, 'city': 'Astoria', 'zip_code': '11106', 'country': 'US', 'state': 'NY', 'display_address': ['25-35 36th Ave', 'Astoria, NY 11106']}",,,7848.39244386005,$$
nBkSqOhZMa1A7Yk3q8VPaA,dirty-french-new-york,Dirty French,https://s3-media2.fl.yelpcdn.com/bphoto/Dl8HgffzKe37d3bXdJeN8w/o.jpg,False,https://www.yelp.com/biz/dirty-french-new-york?adjust_creative=Mra4JCUPAsrzN2f8nCOuQg&utm_campaign=yelp_api_v3&utm_medium=api_v3_business_search&utm_source=Mra4JCUPAsrzN2f8nCOuQg,739,"[{'alias': 'french', 'title': 'French'}, {'alias': 'wine_bars', 'title': 'Wine Bars'}, {'alias': 'lounges', 'title': 'Lounges'}]",4.0,"{'latitude': 40.72183, 'longitude': -73.98719}",[],"{'address1': '180 Ludlow St', 'address2': '', 'address3': 'Ludlow Hotel', 'city': 'New York', 'zip_code': '10002', 'country': 'US', 'state': 'NY', 'display_address': ['180 Ludlow St', 'Ludlow Hotel', 'New York, NY 10002']}",+12122543000,(212) 254-3000,1920.239232129666,$$$
06s4v9tM5JLnsa8UlZFHtQ,frenchy-coffee-new-york,Frenchy Coffee,https://s3-media1.fl.yelpcdn.com/bphoto/H4X0yXHkX4tb55Dw-y_K4w/o.jpg,False,https://www.yelp.com/biz/frenchy-coffee-new-york?adjust_creative=Mra4JCUPAsrzN2f8nCOuQg&utm_campaign=yelp_api_v3&utm_medium=api_v3_business_search&utm_source=Mra4JCUPAsrzN2f8nCOuQg,149,"[{'alias': 'bakeries', 'title': 'Bakeries'}, {'alias': 'coffee', 'title': 'Coffee & Tea'}, {'alias': 'cakeshop', 'title': 'Patisserie/Cake Shop'}]",4.5,"{'latitude': 40.78985, 'longitude': -73.94827}","['delivery', 'pickup']","{'address1': '129 E 102nd St', 'address2': None, 'address3': '', 'city': 'New York', 'zip_code': '10029', 'country': 'US', 'state': 'NY', 'display_address': ['129 E 102nd St', 'New York, NY 10029']}",+16468910088,(646) 891-0088,10154.768463170007,$$
8bt4nvGj48sfxN31MSDIxQ,duane-park-patisserie-new-york,Duane Park Patisserie,https://s3-media1.fl.yelpcdn.com/bphoto/7eCqAHQ-GbybRtcEVhjqdw/o.jpg,False,https://www.yelp.com/biz/duane-park-patisserie-new-york?adjust_creative=Mra4JCUPAsrzN2f8nCOuQg&utm_campaign=yelp_api_v3&utm_medium=api_v3_business_search&utm_source=Mra4JCUPAsrzN2f8nCOuQg,115,"[{'alias': 'bakeries', 'title': 'Bakeries'}]",3.5,"{'latitude': 40.7174976, 'longitude': -74.009903}",['delivery'],"{'address1': '179 Duane St', 'address2': '', 'address3': '', 'city': 'New York', 'zip_code': '10013', 'country': 'US', 'state': 'NY', 'display_address': ['179 Duane St', 'New York, NY 10013']}",+12122748447,(212) 274-8447,1893.5748994950582,$$
TmEPtynTP1qoTqwUbGKyGw,ladurée-new-york-4,Ladurée,https://s3-media1.fl.yelpcdn.com/bphoto/LJKXXwXNEHKyEQcXIjzmtQ/o.jpg,False,https://www.yelp.com/biz/ladur%C3%A9e-new-york-4?adjust_creative=Mra4JCUPAsrzN2f8nCOuQg&utm_campaign=yelp_api_v3&utm_medium=api_v3_business_search&utm_source=Mra4JCUPAsrzN2f8nCOuQg,1819,"[{'alias': 'tea', 'title': 'Tea Rooms'}, {'alias': 'macarons', 'title': 'Macarons'}, {'alias': 'cakeshop', 'title': 'Patisserie/Cake Shop'}]",3.5,"{'latitude': 40.724329, 'longitude': -74.002508}",[],"{'address1': '398 W Broadway', 'address2': '', 'address3': '', 'city': 'New York', 'zip_code': '10012', 'country': 'US', 'state': 'NY', 'display_address': ['398 W Broadway', 'New York, NY 10012']}",+16463927868,(646) 392-7868,2211.0161222976785,$$$
cO9E0n9ulzJ6eZ4TKrFx1A,mille-feuille-bakery-new-york-2,Mille-Feuille Bakery,https://s3-media4.fl.yelpcdn.com/bphoto/iqzNIvMB63sOXIOTcM_K5g/o.jpg,False,https://www.yelp.com/biz/mille-feuille-bakery-new-york-2?adjust_creative=Mra4JCUPAsrzN2f8nCOuQg&utm_campaign=yelp_api_v3&utm_medium=api_v3_business_search&utm_source=Mra4JCUPAsrzN2f8nCOuQg,572,"[{'alias': 'bakeries', 'title': 'Bakeries'}, {'alias': 'desserts', 'title': 'Desserts'}, {'alias': 'coffee', 'title': 'Coffee & Tea'}]",4.0,"{'latitude': 40.72933, 'longitude': -73.99808}","['delivery', 'pickup']","{'address1': '552 Laguardia Pl', 'address2': '', 'address3': '', 'city': 'New York', 'zip_code': '10012', 'country': 'US', 'state': 'NY', 'display_address': ['552 Laguardia Pl', 'New York, NY 10012']}",+12125334698,(212) 533-4698,2657.8473641828227,$$
T1r3CMfoIDQf56FRZsU31w,brooklyn-lantern-brooklyn,Brooklyn Lantern,https://s3-media2.fl.yelpcdn.com/bphoto/3qVkOToLsG9AnFStenZLxQ/o.jpg,False,https://www.yelp.com/biz/brooklyn-lantern-brooklyn?adjust_creative=Mra4JCUPAsrzN2f8nCOuQg&utm_campaign=yelp_api_v3&utm_medium=api_v3_business_search&utm_source=Mra4JCUPAsrzN2f8nCOuQg,18,"[{'alias': 'newamerican', 'title': 'American (New)'}, {'alias': 'cocktailbars', 'title': 'Cocktail Bars'}, {'alias': 'breakfast_brunch', 'title': 'Breakfast & Brunch'}]",4.0,"{'latitude': 40.7376268131285, 'longitude': -73.953510137326}","['pickup', 'delivery']","{'address1': '77 Box St', 'address2': '', 'address3': '', 'city': 'Brooklyn', 'zip_code': '11222', 'country': 'US', 'state': 'NY', 'display_address': ['77 Box St', 'Brooklyn, NY 11222']}",+17183838200,(718) 383-8200,4961.640205277544,$
jz_FnuRpCNzfwwHHQ6Nbeg,schmackarys-new-york,Schmackary's,https://s3-media1.fl.yelpcdn.com/bphoto/_LX4fJtwTJWv_Rb8C0O1Gg/o.jpg,False,https://www.yelp.com/biz/schmackarys-new-york?adjust_creative=Mra4JCUPAsrzN2f8nCOuQg&utm_campaign=yelp_api_v3&utm_medium=api_v3_business_search&utm_source=Mra4JCUPAsrzN2f8nCOuQg,2227,"[{'alias': 'desserts', 'title': 'Desserts'}, {'alias': 'bakeries', 'title': 'Bakeries'}, {'alias': 'coffee', 'title': 'Coffee & Tea'}]",4.0,"{'latitude': 40.760153883881, 'longitude': -73.990944257291}","['delivery', 'pickup']","{'address1': '362 W 45th St', 'address2': '', 'address3': '', 'city': 'New York', 'zip_code': '10036', 'country': 'US', 'state': 'NY', 'display_address': ['362 W 45th St', 'New York, NY 10036']}",+16468019866,(646) 801-9866,6089.899671870699,$
g-jYDMWZqwkFvYea6_seEA,patisserie-chanson-new-york-4,Patisserie Chanson,https://s3-media1.fl.yelpcdn.com/bphoto/MPfA0AU3D4kdu97ckST_8w/o.jpg,False,https://www.yelp.com/biz/patisserie-chanson-new-york-4?adjust_creative=Mra4JCUPAsrzN2f8nCOuQg&utm_campaign=yelp_api_v3&utm_medium=api_v3_business_search&utm_source=Mra4JCUPAsrzN2f8nCOuQg,9,"[{'alias': 'bakeries', 'title': 'Bakeries'}, {'alias': 'desserts', 'title': 'Desserts'}, {'alias': 'breakfast_brunch', 'title': 'Breakfast & Brunch'}]",3.0,"{'latitude': 40.771135, 'longitude': -73.959347}",[],"{'address1': '1293 3rd Ave', 'address2': '', 'address3': None, 'city': 'New York', 'zip_code': '10021', 'country': 'US', 'state': 'NY', 'display_address': ['1293 3rd Ave', 'New York, NY 10021']}",+16314641388,(631) 464-1388,7875.283722829898,
GdlhaVp8sSJKqU1A1ghFmA,julien-boulangerie-new-york-3,Julien Boulangerie,https://s3-media3.fl.yelpcdn.com/bphoto/U74bolFfkT4nuecE748FDQ/o.jpg,False,https://www.yelp.com/biz/julien-boulangerie-new-york-3?adjust_creative=Mra4JCUPAsrzN2f8nCOuQg&utm_campaign=yelp_api_v3&utm_medium=api_v3_business_search&utm_source=Mra4JCUPAsrzN2f8nCOuQg,43,"[{'alias': 'coffee', 'title': 'Coffee & Tea'}, {'alias': 'bakeries', 'title': 'Bakeries'}, {'alias': 'desserts', 'title': 'Desserts'}]",3.5,"{'latitude': 40.76941, 'longitude': -73.9521}","['pickup', 'delivery']","{'address1': '1431 York Ave', 'address2': '', 'address3': None, 'city': 'New York', 'zip_code': '10021', 'country': 'US', 'state': 'NY', 'display_address': ['1431 York Ave', 'New York, NY 10021']}",,,7946.14856874718,
Rod4hJT8F6qrgLuPL81iVQ,le-carré-café-and-pâtisserie-hillsdale-5,Le Carré Café & Pâtisserie,https://s3-media4.fl.yelpcdn.com/bphoto/Ez_l63lpjcXx-21mOjsNeg/o.jpg,False,https://www.yelp.com/biz/le-carr%C3%A9-caf%C3%A9-and-p%C3%A2tisserie-hillsdale-5?adjust_creative=Mra4JCUPAsrzN2f8nCOuQg&utm_campaign=yelp_api_v3&utm_medium=api_v3_business_search&utm_source=Mra4JCUPAsrzN2f8nCOuQg,12,"[{'alias': 'cakeshop', 'title': 'Patisserie/Cake Shop'}, {'alias': 'desserts', 'title': 'Desserts'}, {'alias': 'sandwiches', 'title': 'Sandwiches'}]",5.0,"{'latitude': 41.002238, 'longitude': -74.040277}",[],"{'address1': '94 Broadway', 'address2': '', 'address3': None, 'city': 'Hillsdale', 'zip_code': '07642', 'country': 'US', 'state': 'NJ', 'display_address': ['94 Broadway', 'Hillsdale, NJ 07642']}",+12019428777,(201) 942-8777,33228.137602968054,
pouoo9mYR8A71DapTBwxmg,petite-maman-new-york-4,Petite Maman,https://s3-media1.fl.yelpcdn.com/bphoto/7ZJjCjPdXBEnAh1LWM8Q3g/o.jpg,False,https://www.yelp.com/biz/petite-maman-new-york-4?adjust_creative=Mra4JCUPAsrzN2f8nCOuQg&utm_campaign=yelp_api_v3&utm_medium=api_v3_business_search&utm_source=Mra4JCUPAsrzN2f8nCOuQg,3,"[{'alias': 'cafes', 'title': 'Cafes'}, {'alias': 'french', 'title': 'French'}, {'alias': 'coffee', 'title': 'Coffee & Tea'}]",1.0,"{'latitude': 40.75162, 'longitude': -73.99745}",[],"{'address1': '383 W 31st St', 'address2': '', 'address3': None, 'city': 'New York', 'zip_code': '10001', 'country': 'US', 'state': 'NY', 'display_address': ['383 W 31st St', 'New York, NY 10001']}",,,5133.884754235763,
HmdfmqoihabsEbGfslngrQ,le-pain-quotidien-new-york-146,Le Pain Quotidien,https://s3-media2.fl.yelpcdn.com/bphoto/xHDgevTJMbkkn6tcXaeezA/o.jpg,False,https://www.yelp.com/biz/le-pain-quotidien-new-york-146?adjust_creative=Mra4JCUPAsrzN2f8nCOuQg&utm_campaign=yelp_api_v3&utm_medium=api_v3_business_search&utm_source=Mra4JCUPAsrzN2f8nCOuQg,209,"[{'alias': 'breakfast_brunch', 'title': 'Breakfast & Brunch'}, {'alias': 'coffee', 'title': 'Coffee & Tea'}, {'alias': 'bakeries', 'title': 'Bakeries'}]",3.5,"{'latitude': 40.715005, 'longitude': -74.009327}","['pickup', 'delivery']","{'address1': '81 W Broadway', 'address2': '', 'address3': '', 'city': 'New York', 'zip_code': '10007', 'country': 'US', 'state': 'NY', 'display_address': ['81 W Broadway', 'New York, NY 10007']}",+16466528186,(646) 652-8186,1655.1516392008232,$$
e1kUb_b2SItWazvnMJF-ng,sook-pastry-ridgewood,Sook Pastry,https://s3-media3.fl.yelpcdn.com/bphoto/YS2m8ynz-yiAY2mWynf7yw/o.jpg,False,https://www.yelp.com/biz/sook-pastry-ridgewood?adjust_creative=Mra4JCUPAsrzN2f8nCOuQg&utm_campaign=yelp_api_v3&utm_medium=api_v3_business_search&utm_source=Mra4JCUPAsrzN2f8nCOuQg,920,"[{'alias': 'bakeries', 'title': 'Bakeries'}, {'alias': 'desserts', 'title': 'Desserts'}, {'alias': 'cafes', 'title': 'Cafes'}]",4.5,"{'latitude': 40.979123, 'longitude': -74.12077}",['delivery'],"{'address1': '24 S Broad St', 'address2': '', 'address3': '', 'city': 'Ridgewood', 'zip_code': '07450', 'country': 'US', 'state': 'NJ', 'display_address': ['24 S Broad St', 'Ridgewood, NJ 07450']}",+12014932500,(201) 493-2500,32237.782643442737,$$
dMe1eni3-zoz1gFZTZpjGA,caffe-bene-jackson-heights-5,Caffe Bene,https://s3-media1.fl.yelpcdn.com/bphoto/FY6rxt_M_Aw3XxaZvAUA-A/o.jpg,False,https://www.yelp.com/biz/caffe-bene-jackson-heights-5?adjust_creative=Mra4JCUPAsrzN2f8nCOuQg&utm_campaign=yelp_api_v3&utm_medium=api_v3_business_search&utm_source=Mra4JCUPAsrzN2f8nCOuQg,151,"[{'alias': 'coffee', 'title': 'Coffee & Tea'}, {'alias': 'breakfast_brunch', 'title': 'Breakfast & Brunch'}, {'alias': 'cakeshop', 'title': 'Patisserie/Cake Shop'}]",3.0,"{'latitude': 40.7497126, 'longitude': -73.885855}","['pickup', 'delivery']","{'address1': '80-27 37th Ave', 'address2': '', 'address3': '', 'city': 'Jackson Heights', 'zip_code': '11372', 'country': 'US', 'state': 'NY', 'display_address': ['80-27 37th Ave', 'Jackson Heights, NY 11372']}",+17184240768,(718) 424-0768,10416.208613434448,$$
MXfDg1qs9h2254F-z2pQsg,madame-bonté-new-york-3,Madame Bonté,https://s3-media1.fl.yelpcdn.com/bphoto/ma4-ww_rIuzNrxPIqQCfBA/o.jpg,False,https://www.yelp.com/biz/madame-bont%C3%A9-new-york-3?adjust_creative=Mra4JCUPAsrzN2f8nCOuQg&utm_campaign=yelp_api_v3&utm_medium=api_v3_business_search&utm_source=Mra4JCUPAsrzN2f8nCOuQg,63,"[{'alias': 'cafes', 'title': 'Cafes'}, {'alias': 'breakfast_brunch', 'title': 'Breakfast & Brunch'}, {'alias': 'wine_bars', 'title': 'Wine Bars'}]",4.5,"{'latitude': 40.7761, 'longitude': -73.95185}","['pickup', 'delivery']","{'address1': '318 E 84th St', 'address2': None, 'address3': '', 'city': 'New York', 'zip_code': '10028', 'country': 'US', 'state': 'NY', 'display_address': ['318 E 84th St', 'New York, NY 10028']}",+19174095555,(917) 409-5555,8621.306185560406,
ddiy4w7qS6VVxqHCIcYJ9w,choc-o-pain-jc-jersey-city-3,Choc O Pain JC,https://s3-media1.fl.yelpcdn.com/bphoto/n-iURDCYENJTH5dVU8mYXA/o.jpg,False,https://www.yelp.com/biz/choc-o-pain-jc-jersey-city-3?adjust_creative=Mra4JCUPAsrzN2f8nCOuQg&utm_campaign=yelp_api_v3&utm_medium=api_v3_business_search&utm_source=Mra4JCUPAsrzN2f8nCOuQg,277,"[{'alias': 'bakeries', 'title': 'Bakeries'}, {'alias': 'coffee', 'title': 'Coffee & Tea'}, {'alias': 'desserts', 'title': 'Desserts'}]",4.0,"{'latitude': 40.7210499372382, 'longitude': -74.046322}",['delivery'],"{'address1': '530 Jersey Ave', 'address2': None, 'address3': '', 'city': 'Jersey City', 'zip_code': '07302', 'country': 'US', 'state': 'NJ', 'display_address': ['530 Jersey Ave', 'Jersey City, NJ 07302']}",+12014352462,(201) 435-2462,4716.013189614961,$$
n-hBKsnFFUpe-y00EZrOqg,amys-bread-new-york,Amy's Bread,https://s3-media2.fl.yelpcdn.com/bphoto/O2GcI8W2X3WMQ6ixJwF2zA/o.jpg,False,https://www.yelp.com/biz/amys-bread-new-york?adjust_creative=Mra4JCUPAsrzN2f8nCOuQg&utm_campaign=yelp_api_v3&utm_medium=api_v3_business_search&utm_source=Mra4JCUPAsrzN2f8nCOuQg,1197,"[{'alias': 'bakeries', 'title': 'Bakeries'}, {'alias': 'sandwiches', 'title': 'Sandwiches'}, {'alias': 'coffee', 'title': 'Coffee & Tea'}]",4.0,"{'latitude': 40.76121, 'longitude': -73.99024}",['delivery'],"{'address1': '672 9th Ave', 'address2': '', 'address3': '', 'city': 'New York', 'zip_code': '10036', 'country': 'US', 'state': 'NY', 'display_address': ['672 9th Ave', 'New York, NY 10036']}",+12129772670,(212) 977-2670,6208.963689714628,$
1dNYcnZPJJKPI56an0AB4Q,cafe-bilboquet-new-york-2,Cafe Bilboquet,https://s3-media2.fl.yelpcdn.com/bphoto/WFipqFCNA4L1Yo2tQm5BsA/o.jpg,False,https://www.yelp.com/biz/cafe-bilboquet-new-york-2?adjust_creative=Mra4JCUPAsrzN2f8nCOuQg&utm_campaign=yelp_api_v3&utm_medium=api_v3_business_search&utm_source=Mra4JCUPAsrzN2f8nCOuQg,99,"[{'alias': 'cafes', 'title': 'Cafes'}, {'alias': 'cakeshop', 'title': 'Patisserie/Cake Shop'}]",3.5,"{'latitude': 40.763789, 'longitude': -73.9704258}","['pickup', 'delivery']","{'address1': '26 E 60th St', 'address2': '', 'address3': None, 'city': 'New York', 'zip_code': '10022', 'country': 'US', 'state': 'NY', 'display_address': ['26 E 60th St', 'New York, NY 10022']}",+16468698660,(646) 869-8660,6792.096874833759,$$
8xYvp9j7j8RCRQGsiRRujQ,la-bergamote-nyc-new-york,La Bergamote NYC,https://s3-media2.fl.yelpcdn.com/bphoto/W4QKTfqLTh3_t1GgnA7Eew/o.jpg,False,https://www.yelp.com/biz/la-bergamote-nyc-new-york?adjust_creative=Mra4JCUPAsrzN2f8nCOuQg&utm_campaign=yelp_api_v3&utm_medium=api_v3_business_search&utm_source=Mra4JCUPAsrzN2f8nCOuQg,402,"[{'alias': 'breakfast_brunch', 'title': 'Breakfast & Brunch'}, {'alias': 'sandwiches', 'title': 'Sandwiches'}, {'alias': 'french', 'title': 'French'}]",4.0,"{'latitude': 40.745044, 'longitude': -74.002863}","['pickup', 'delivery']","{'address1': '177 9th Ave', 'address2': '', 'address3': '', 'city': 'New York', 'zip_code': '10011', 'country': 'US', 'state': 'NY', 'display_address': ['177 9th Ave', 'New York, NY 10011']}",+12126279010,(212) 627-9010,4461.894981676772,$$
aljEnhQthQwifG971tY1mA,everyman-espresso-new-york,Everyman Espresso,https://s3-media2.fl.yelpcdn.com/bphoto/bmLiIic1MytHjqQKhZmM1Q/o.jpg,False,https://www.yelp.com/biz/everyman-espresso-new-york?adjust_creative=Mra4JCUPAsrzN2f8nCOuQg&utm_campaign=yelp_api_v3&utm_medium=api_v3_business_search&utm_source=Mra4JCUPAsrzN2f8nCOuQg,398,"[{'alias': 'coffee', 'title': 'Coffee & Tea'}]",4.0,"{'latitude': 40.7327852478612, 'longitude': -73.9883291989235}",['delivery'],"{'address1': '136 E 13th St', 'address2': '', 'address3': '', 'city': 'New York', 'zip_code': '10003', 'country': 'US', 'state': 'NY', 'display_address': ['136 E 13th St', 'New York, NY 10003']}",+12125330524,(212) 533-0524,3081.3783535300277,$$
dEeoUUDdU_s2d0x_4MCU_A,cafe-riviera-brooklyn-2,Cafe Riviera,https://s3-media3.fl.yelpcdn.com/bphoto/XRE5NQ3T8Gv9SBhEuItINg/o.jpg,False,https://www.yelp.com/biz/cafe-riviera-brooklyn-2?adjust_creative=Mra4JCUPAsrzN2f8nCOuQg&utm_campaign=yelp_api_v3&utm_medium=api_v3_business_search&utm_source=Mra4JCUPAsrzN2f8nCOuQg,121,"[{'alias': 'bakeries', 'title': 'Bakeries'}, {'alias': 'cafes', 'title': 'Cafes'}]",4.0,"{'latitude': 40.7286629, 'longitude': -73.953337}",['delivery'],"{'address1': '830 Manhattan Ave', 'address2': '', 'address3': '', 'city': 'Brooklyn', 'zip_code': '11222', 'country': 'US', 'state': 'NY', 'display_address': ['830 Manhattan Ave', 'Brooklyn, NY 11222']}",+17183838450,(718) 383-8450,4310.437918127412,$
uwPfP8Eac1skrm0FG6K-UA,pomme-palais-new-york,Pomme Palais,https://s3-media3.fl.yelpcdn.com/bphoto/E5liaJQmTwiFhR0POerZkQ/o.jpg,False,https://www.yelp.com/biz/pomme-palais-new-york?adjust_creative=Mra4JCUPAsrzN2f8nCOuQg&utm_campaign=yelp_api_v3&utm_medium=api_v3_business_search&utm_source=Mra4JCUPAsrzN2f8nCOuQg,100,"[{'alias': 'desserts', 'title': 'Desserts'}, {'alias': 'bakeries', 'title': 'Bakeries'}]",4.0,"{'latitude': 40.7581433, 'longitude': -73.9746727}",['delivery'],"{'address1': '30 E 51st St', 'address2': '', 'address3': 'New York Palace Hotel', 'city': 'New York', 'zip_code': '10022', 'country': 'US', 'state': 'NY', 'display_address': ['30 E 51st St', 'New York Palace Hotel', 'New York, NY 10022']}",+12128887000,(212) 888-7000,6068.803178265961,$$
Jt4UFI2XdWb4bteMqzg3rg,le-french-dad-boulangerie-montclair,Le French Dad Boulangerie,https://s3-media3.fl.yelpcdn.com/bphoto/lvh3eJCXZj-K9x2cs_FlUA/o.jpg,False,https://www.yelp.com/biz/le-french-dad-boulangerie-montclair?adjust_creative=Mra4JCUPAsrzN2f8nCOuQg&utm_campaign=yelp_api_v3&utm_medium=api_v3_business_search&utm_source=Mra4JCUPAsrzN2f8nCOuQg,81,"[{'alias': 'bakeries', 'title': 'Bakeries'}, {'alias': 'desserts', 'title': 'Desserts'}, {'alias': 'cakeshop', 'title': 'Patisserie/Cake Shop'}]",4.5,"{'latitude': 40.81363, 'longitude': -74.21791}","['pickup', 'delivery']","{'address1': '10 Church St', 'address2': None, 'address3': '', 'city': 'Montclair', 'zip_code': '07042', 'country': 'US', 'state': 'NJ', 'display_address': ['10 Church St', 'Montclair, NJ 07042']}",+19737460288,(973) 746-0288,22358.409575737605,$$
gFAWNtCf_HvvMbNBmpMwcg,swiss-pastry-shoppe-scotch-plains-2,Swiss Pastry Shoppe,https://s3-media4.fl.yelpcdn.com/bphoto/a6-Kk8DOjmmS61vToKWUNg/o.jpg,False,https://www.yelp.com/biz/swiss-pastry-shoppe-scotch-plains-2?adjust_creative=Mra4JCUPAsrzN2f8nCOuQg&utm_campaign=yelp_api_v3&utm_medium=api_v3_business_search&utm_source=Mra4JCUPAsrzN2f8nCOuQg,74,"[{'alias': 'bakeries', 'title': 'Bakeries'}]",4.5,"{'latitude': 40.64596, 'longitude': -74.40006}",['delivery'],"{'address1': '1711 E 2nd St', 'address2': '', 'address3': '', 'city': 'Scotch Plains', 'zip_code': '07076', 'country': 'US', 'state': 'NJ', 'display_address': ['1711 E 2nd St', 'Scotch Plains, NJ 07076']}",+19083224751,(908) 322-4751,34850.16523492197,$$
_G6lH3rUyhyIxXHyQWFlag,bien-cuit-brooklyn,Bien Cuit,https://s3-media2.fl.yelpcdn.com/bphoto/z4iMJ0p0AIi3D13Fc0S_FQ/o.jpg,False,https://www.yelp.com/biz/bien-cuit-brooklyn?adjust_creative=Mra4JCUPAsrzN2f8nCOuQg&utm_campaign=yelp_api_v3&utm_medium=api_v3_business_search&utm_source=Mra4JCUPAsrzN2f8nCOuQg,435,"[{'alias': 'bakeries', 'title': 'Bakeries'}, {'alias': 'french', 'title': 'French'}, {'alias': 'cafes', 'title': 'Cafes'}]",3.5,"{'latitude': 40.6877048, 'longitude': -73.9900535}","['pickup', 'delivery']","{'address1': '120 Smith St', 'address2': '', 'address3': '', 'city': 'Brooklyn', 'zip_code': '11201', 'country': 'US', 'state': 'NY', 'display_address': ['120 Smith St', 'Brooklyn, NY 11201']}",+17188520200,(718) 852-0200,2004.7238674429964,$$
5UTnfTDc9suJj2eOzm1Uvw,bakerie-brooklyn,Bakerie,https://s3-media4.fl.yelpcdn.com/bphoto/1lseP0S4uNaqlFQmEPl81Q/o.jpg,False,https://www.yelp.com/biz/bakerie-brooklyn?adjust_creative=Mra4JCUPAsrzN2f8nCOuQg&utm_campaign=yelp_api_v3&utm_medium=api_v3_business_search&utm_source=Mra4JCUPAsrzN2f8nCOuQg,29,"[{'alias': 'bakeries', 'title': 'Bakeries'}, {'alias': 'coffee', 'title': 'Coffee & Tea'}, {'alias': 'cakeshop', 'title': 'Patisserie/Cake Shop'}]",3.0,"{'latitude': 40.672062, 'longitude': -73.9393643397305}",['delivery'],"{'address1': '252 Albany Ave', 'address2': None, 'address3': None, 'city': 'Brooklyn', 'zip_code': '11213', 'country': 'US', 'state': 'NY', 'display_address': ['252 Albany Ave', 'Brooklyn, NY 11213']}",+17186938248,(718) 693-8248,5935.323157047765,$$
EKjqSwmhfJFFQQxAJttotQ,the-grand-salon-and-the-bar-new-york,The Grand Salon and The Bar,https://s3-media2.fl.yelpcdn.com/bphoto/NMLDvotC-sL1LE8c2RAM-A/o.jpg,False,https://www.yelp.com/biz/the-grand-salon-and-the-bar-new-york?adjust_creative=Mra4JCUPAsrzN2f8nCOuQg&utm_campaign=yelp_api_v3&utm_medium=api_v3_business_search&utm_source=Mra4JCUPAsrzN2f8nCOuQg,9,"[{'alias': 'breakfast_brunch', 'title': 'Breakfast & Brunch'}, {'alias': 'lounges', 'title': 'Lounges'}, {'alias': 'cocktailbars', 'title': 'Cocktail Bars'}]",4.0,"{'latitude': 40.76087041889416, 'longitude': -73.97743141982164}",[],"{'address1': '28 W 53rd St', 'address2': 'Fl 2', 'address3': 'Baccarat Hotel', 'city': 'New York', 'zip_code': '10019', 'country': 'US', 'state': 'NY', 'display_address': ['28 W 53rd St', 'Fl 2', 'Baccarat Hotel', 'New York, NY 10019']}",+12127908867,(212) 790-8867,6324.675299002228,
LlFzCkSDiDlAcFFodVJvuA,le-paris-dakar-brooklyn-3,Le Paris Dakar,https://s3-media2.fl.yelpcdn.com/bphoto/Eyib2cEFDkFRhXxVCGdQAw/o.jpg,False,https://www.yelp.com/biz/le-paris-dakar-brooklyn-3?adjust_creative=Mra4JCUPAsrzN2f8nCOuQg&utm_campaign=yelp_api_v3&utm_medium=api_v3_business_search&utm_source=Mra4JCUPAsrzN2f8nCOuQg,205,"[{'alias': 'creperies', 'title': 'Creperies'}, {'alias': 'sandwiches', 'title': 'Sandwiches'}, {'alias': 'cafes', 'title': 'Cafes'}]",4.5,"{'latitude': 40.681187643070906, 'longitude': -73.9499997}","['pickup', 'delivery']","{'address1': '518 Nostrand Ave', 'address2': None, 'address3': '', 'city': 'Brooklyn', 'zip_code': '11216', 'country': 'US', 'state': 'NY', 'display_address': ['518 Nostrand Ave', 'Brooklyn, NY 11216']}",+13479554100,(347) 955-4100,4606.585415935792,$$
QHYqNQhQ8NVK0RX68Y4PuQ,levain-bakery-new-york-new-york-3,"Levain Bakery - Harlem, NYC",https://s3-media2.fl.yelpcdn.com/bphoto/UNrKNNg1PqXuKw2G5knK0g/o.jpg,False,https://www.yelp.com/biz/levain-bakery-new-york-new-york-3?adjust_creative=Mra4JCUPAsrzN2f8nCOuQg&utm_campaign=yelp_api_v3&utm_medium=api_v3_business_search&utm_source=Mra4JCUPAsrzN2f8nCOuQg,839,"[{'alias': 'bakeries', 'title': 'Bakeries'}]",4.5,"{'latitude': 40.8049739, 'longitude': -73.9551513}","['pickup', 'delivery']","{'address1': '2167 Frederick Douglass Blvd', 'address2': '', 'address3': '', 'city': 'New York', 'zip_code': '10026', 'country': 'US', 'state': 'NY', 'display_address': ['2167 Frederick Douglass Blvd', 'New York, NY 10026']}",+19174643789,(917) 464-3789,11553.808019549491,$$
QvQilClGyuKFz08TBsoJNA,le-district-market-district-new-york,Le District - Market District,https://s3-media2.fl.yelpcdn.com/bphoto/9V2g0-Cmq5-i3RnMiWntCw/o.jpg,False,https://www.yelp.com/biz/le-district-market-district-new-york?adjust_creative=Mra4JCUPAsrzN2f8nCOuQg&utm_campaign=yelp_api_v3&utm_medium=api_v3_business_search&utm_source=Mra4JCUPAsrzN2f8nCOuQg,600,"[{'alias': 'french', 'title': 'French'}, {'alias': 'grocery', 'title': 'Grocery'}]",3.5,"{'latitude': 40.7126473617984, 'longitude': -74.0157784596443}",['delivery'],"{'address1': '225 Liberty St', 'address2': '', 'address3': '', 'city': 'New York', 'zip_code': '10281', 'country': 'US', 'state': 'NY', 'display_address': ['225 Liberty St', 'New York, NY 10281']}",+12129818588,(212) 981-8588,1980.159842860005,$$$
TdUhTJ7hCt0uANqHIcltOA,olivier-bistro-brooklyn,Olivier Bistro,https://s3-media2.fl.yelpcdn.com/bphoto/1adlGBswMikwpePuIShP4w/o.jpg,False,https://www.yelp.com/biz/olivier-bistro-brooklyn?adjust_creative=Mra4JCUPAsrzN2f8nCOuQg&utm_campaign=yelp_api_v3&utm_medium=api_v3_business_search&utm_source=Mra4JCUPAsrzN2f8nCOuQg,371,"[{'alias': 'french', 'title': 'French'}, {'alias': 'breakfast_brunch', 'title': 'Breakfast & Brunch'}]",4.0,"{'latitude': 40.6688499963761, 'longitude': -73.9896939343586}","['pickup', 'delivery']","{'address1': '469 4th Ave', 'address2': '', 'address3': '', 'city': 'Brooklyn', 'zip_code': '11215', 'country': 'US', 'state': 'NY', 'display_address': ['469 4th Ave', 'Brooklyn, NY 11215']}",+17187686600,(718) 768-6600,4087.5961808696557,$$
FON3TceJNsTC0I0mzBwOKg,fig-and-olive-new-york-10,Fig & Olive,https://s3-media2.fl.yelpcdn.com/bphoto/yy8_p9mdkQbG1Z8mvdRBjQ/o.jpg,False,https://www.yelp.com/biz/fig-and-olive-new-york-10?adjust_creative=Mra4JCUPAsrzN2f8nCOuQg&utm_campaign=yelp_api_v3&utm_medium=api_v3_business_search&utm_source=Mra4JCUPAsrzN2f8nCOuQg,1265,"[{'alias': 'mediterranean', 'title': 'Mediterranean'}, {'alias': 'french', 'title': 'French'}, {'alias': 'bars', 'title': 'Bars'}]",3.5,"{'latitude': 40.75938, 'longitude': -73.97558}","['pickup', 'delivery']","{'address1': '10 E 52nd St', 'address2': '', 'address3': '', 'city': 'New York', 'zip_code': '10022', 'country': 'US', 'state': 'NY', 'display_address': ['10 E 52nd St', 'New York, NY 10022']}",+12123192002,(212) 319-2002,6190.03543102274,$$$
tPeoeD9F2_BOqPLtaLExGA,cup-of-joe-coffee-company-brooklyn-2,Cup of Joe Coffee Company,https://s3-media2.fl.yelpcdn.com/bphoto/bao8smV1BqapUN9QWH-iRA/o.jpg,False,https://www.yelp.com/biz/cup-of-joe-coffee-company-brooklyn-2?adjust_creative=Mra4JCUPAsrzN2f8nCOuQg&utm_campaign=yelp_api_v3&utm_medium=api_v3_business_search&utm_source=Mra4JCUPAsrzN2f8nCOuQg,57,"[{'alias': 'coffee', 'title': 'Coffee & Tea'}]",4.5,"{'latitude': 40.629932, 'longitude': -74.022154}","['pickup', 'delivery']","{'address1': '7407 5th Ave', 'address2': '', 'address3': None, 'city': 'Brooklyn', 'zip_code': '11209', 'country': 'US', 'state': 'NY', 'display_address': ['7407 5th Ave', 'Brooklyn, NY 11209']}",+17189211000,(718) 921-1000,8718.147102648796,
D6FIbzVVd0JjzGb4jxxaEQ,benys-delice-brooklyn,Beny's Delice,https://s3-media3.fl.yelpcdn.com/bphoto/lLxynEzrTUTiPfgpY52QFw/o.jpg,False,https://www.yelp.com/biz/benys-delice-brooklyn?adjust_creative=Mra4JCUPAsrzN2f8nCOuQg&utm_campaign=yelp_api_v3&utm_medium=api_v3_business_search&utm_source=Mra4JCUPAsrzN2f8nCOuQg,138,"[{'alias': 'coffee', 'title': 'Coffee & Tea'}, {'alias': 'bakeries', 'title': 'Bakeries'}, {'alias': 'sandwiches', 'title': 'Sandwiches'}]",4.0,"{'latitude': 40.6836638, 'longitude': -73.9671519}","['pickup', 'delivery']","{'address1': '903 Fulton St', 'address2': '', 'address3': '', 'city': 'Brooklyn', 'zip_code': '11238', 'country': 'US', 'state': 'NY', 'display_address': ['903 Fulton St', 'Brooklyn, NY 11238']}",+17186221400,(718) 622-1400,3322.43742522886,$
YU7U9NPNMwpmGyt_yrCxpA,the-boogie-down-grind-bronx,The Boogie Down Grind,https://s3-media3.fl.yelpcdn.com/bphoto/Y4noCu_vyxYimKClhTd9eg/o.jpg,False,https://www.yelp.com/biz/the-boogie-down-grind-bronx?adjust_creative=Mra4JCUPAsrzN2f8nCOuQg&utm_campaign=yelp_api_v3&utm_medium=api_v3_business_search&utm_source=Mra4JCUPAsrzN2f8nCOuQg,68,"[{'alias': 'coffee', 'title': 'Coffee & Tea'}, {'alias': 'cafes', 'title': 'Cafes'}, {'alias': 'beer_and_wine', 'title': 'Beer, Wine & Spirits'}]",4.5,"{'latitude': 40.81858, 'longitude': -73.8888998329639}",['delivery'],"{'address1': '868 Hunts Point Ave', 'address2': None, 'address3': '', 'city': 'Bronx', 'zip_code': '10474', 'country': 'US', 'state': 'NY', 'display_address': ['868 Hunts Point Ave', 'Bronx, NY 10474']}",+17189868548,(718) 986-8548,15396.383760230507,$
nHt_KvHIxR6k8ljgZzO6xA,my-ny-bakery-cafe-new-york-2,My NY Bakery Cafe,https://s3-media4.fl.yelpcdn.com/bphoto/WIIiF92VDtn-YIn2YzOWDg/o.jpg,False,https://www.yelp.com/biz/my-ny-bakery-cafe-new-york-2?adjust_creative=Mra4JCUPAsrzN2f8nCOuQg&utm_campaign=yelp_api_v3&utm_medium=api_v3_business_search&utm_source=Mra4JCUPAsrzN2f8nCOuQg,160,"[{'alias': 'cafes', 'title': 'Cafes'}, {'alias': 'bakeries', 'title': 'Bakeries'}]",3.5,"{'latitude': 40.7882092229547, 'longitude': -73.9488946478504}","['pickup', 'delivery']","{'address1': '1565 Lexington Ave', 'address2': '', 'address3': '', 'city': 'New York', 'zip_code': '10029', 'country': 'US', 'state': 'NY', 'display_address': ['1565 Lexington Ave', 'New York, NY 10029']}",+12127227383,(212) 722-7383,9965.986385510412,$
8kzHrSEV34s7pbUNd8759A,zon-bakery-and-café-new-york,Zon Bakery & Café,https://s3-media4.fl.yelpcdn.com/bphoto/JzufZcVzQJikv456-McEsQ/o.jpg,False,https://www.yelp.com/biz/zon-bakery-and-caf%C3%A9-new-york?adjust_creative=Mra4JCUPAsrzN2f8nCOuQg&utm_campaign=yelp_api_v3&utm_medium=api_v3_business_search&utm_source=Mra4JCUPAsrzN2f8nCOuQg,5,"[{'alias': 'bakeries', 'title': 'Bakeries'}, {'alias': 'coffee', 'title': 'Coffee & Tea'}, {'alias': 'desserts', 'title': 'Desserts'}]",3.0,"{'latitude': 40.84464321063441, 'longitude': -73.9373917}","['pickup', 'delivery']","{'address1': '1275A Saint Nicholas Ave', 'address2': None, 'address3': '', 'city': 'New York', 'zip_code': '10033', 'country': 'US', 'state': 'NY', 'display_address': ['1275A Saint Nicholas Ave', 'New York, NY 10033']}",+19176393616,(917) 639-3616,16202.786623168162,
QUNchfxuTOOmjAXkHivYdQ,patisserie-des-ambassades-new-york,Patisserie Des Ambassades,https://s3-media2.fl.yelpcdn.com/bphoto/YrRr87GtSmnxx4PZ702c9g/o.jpg,False,https://www.yelp.com/biz/patisserie-des-ambassades-new-york?adjust_creative=Mra4JCUPAsrzN2f8nCOuQg&utm_campaign=yelp_api_v3&utm_medium=api_v3_business_search&utm_source=Mra4JCUPAsrzN2f8nCOuQg,338,"[{'alias': 'bakeries', 'title': 'Bakeries'}, {'alias': 'breakfast_brunch', 'title': 'Breakfast & Brunch'}, {'alias': 'cakeshop', 'title': 'Patisserie/Cake Shop'}]",3.0,"{'latitude': 40.80603, 'longitude': -73.95381}","['pickup', 'delivery']","{'address1': '2200 8th Ave', 'address2': '', 'address3': '', 'city': 'New York', 'zip_code': '10026', 'country': 'US', 'state': 'NY', 'display_address': ['2200 8th Ave', 'New York, NY 10026']}",+12126660078,(212) 666-0078,11697.712939839706,$$
OkMo8pzx8RuGs16ngYBoSw,jacks-stir-brew-coffee-new-york,Jack's Stir Brew Coffee,https://s3-media3.fl.yelpcdn.com/bphoto/3qy5kfuBdpw2oymKwID3gA/o.jpg,False,https://www.yelp.com/biz/jacks-stir-brew-coffee-new-york?adjust_creative=Mra4JCUPAsrzN2f8nCOuQg&utm_campaign=yelp_api_v3&utm_medium=api_v3_business_search&utm_source=Mra4JCUPAsrzN2f8nCOuQg,258,"[{'alias': 'coffee', 'title': 'Coffee & Tea'}, {'alias': 'vegan', 'title': 'Vegan'}, {'alias': 'organic_stores', 'title': 'Organic Stores'}]",4.0,"{'latitude': 40.73451, 'longitude': -74.00062}","['pickup', 'delivery']","{'address1': '138 W 10th St', 'address2': '', 'address3': '', 'city': 'New York', 'zip_code': '10014', 'country': 'US', 'state': 'NY', 'display_address': ['138 W 10th St', 'New York, NY 10014']}",+12129290821,(212) 929-0821,3269.284583741253,$$
TTUjOo7AtHzWWHhvYgt8Tw,the-bread-stand-maplewood,The Bread Stand,https://s3-media3.fl.yelpcdn.com/bphoto/BbNgSw6elh7Vggc-z3lcCQ/o.jpg,False,https://www.yelp.com/biz/the-bread-stand-maplewood?adjust_creative=Mra4JCUPAsrzN2f8nCOuQg&utm_campaign=yelp_api_v3&utm_medium=api_v3_business_search&utm_source=Mra4JCUPAsrzN2f8nCOuQg,123,"[{'alias': 'coffee', 'title': 'Coffee & Tea'}, {'alias': 'bakeries', 'title': 'Bakeries'}]",4.5,"{'latitude': 40.7190113, 'longitude': -74.2578916}",['delivery'],"{'address1': '15 Newark Way', 'address2': None, 'address3': None, 'city': 'Maplewood', 'zip_code': '07040', 'country': 'US', 'state': 'NJ', 'display_address': ['15 Newark Way', 'Maplewood, NJ 07040']}",+19737620282,(973) 762-0282,22268.567283522792,$$
Gh7Mf1CXxhrxIWQjFdSF5w,dulce-de-leche-englewood,Dulce de Leche,https://s3-media2.fl.yelpcdn.com/bphoto/ssDK0ZpPUiQZCCAJDg8xEg/o.jpg,False,https://www.yelp.com/biz/dulce-de-leche-englewood?adjust_creative=Mra4JCUPAsrzN2f8nCOuQg&utm_campaign=yelp_api_v3&utm_medium=api_v3_business_search&utm_source=Mra4JCUPAsrzN2f8nCOuQg,104,"[{'alias': 'bakeries', 'title': 'Bakeries'}, {'alias': 'empanadas', 'title': 'Empanadas'}, {'alias': 'customcakes', 'title': 'Custom Cakes'}]",4.5,"{'latitude': 40.89557, 'longitude': -73.97699}",[],"{'address1': '55 W Palisade Ave', 'address2': '', 'address3': None, 'city': 'Englewood', 'zip_code': '07631', 'country': 'US', 'state': 'NJ', 'display_address': ['55 W Palisade Ave', 'Englewood, NJ 07631']}",+12017067000,(201) 706-7000,21189.729290967935,$$
bEec28P1CziowM9LrNkNsg,cafe-amrita-new-york,Cafe Amrita,https://s3-media4.fl.yelpcdn.com/bphoto/GNv9Vga0_aOhFcG4bgp_pA/o.jpg,False,https://www.yelp.com/biz/cafe-amrita-new-york?adjust_creative=Mra4JCUPAsrzN2f8nCOuQg&utm_campaign=yelp_api_v3&utm_medium=api_v3_business_search&utm_source=Mra4JCUPAsrzN2f8nCOuQg,306,"[{'alias': 'cafes', 'title': 'Cafes'}, {'alias': 'french', 'title': 'French'}, {'alias': 'newamerican', 'title': 'American (New)'}]",3.5,"{'latitude': 40.8011054761062, 'longitude': -73.9588342646992}","['pickup', 'delivery']","{'address1': '301 W 110th St', 'address2': '', 'address3': '', 'city': 'New York', 'zip_code': '10025', 'country': 'US', 'state': 'NY', 'display_address': ['301 W 110th St', 'New York, NY 10025']}",+12122220683,(212) 222-0683,11048.350917104091,$$
SC8Rpw0LXhhgJ_i_r2tZhw,épicerie-boulud-new-york-6,Épicerie Boulud,https://s3-media4.fl.yelpcdn.com/bphoto/Jwty4JxW7PfXnys-42MRBA/o.jpg,False,https://www.yelp.com/biz/%C3%A9picerie-boulud-new-york-6?adjust_creative=Mra4JCUPAsrzN2f8nCOuQg&utm_campaign=yelp_api_v3&utm_medium=api_v3_business_search&utm_source=Mra4JCUPAsrzN2f8nCOuQg,392,"[{'alias': 'bakeries', 'title': 'Bakeries'}, {'alias': 'coffee', 'title': 'Coffee & Tea'}, {'alias': 'sandwiches', 'title': 'Sandwiches'}]",3.5,"{'latitude': 40.7717985283804, 'longitude': -73.9818128723341}","['pickup', 'delivery']","{'address1': '1900 Broadway', 'address2': '', 'address3': '', 'city': 'New York', 'zip_code': '10023', 'country': 'US', 'state': 'NY', 'display_address': ['1900 Broadway', 'New York, NY 10023']}",+12125959606,(212) 595-9606,7450.166831025167,$$
yW1hMW6mKHrEkUwX68M6FQ,le-petit-parisien-new-york-3,Le Petit Parisien,https://s3-media2.fl.yelpcdn.com/bphoto/ou-9_5gB4asZmnNFlphJJg/o.jpg,False,https://www.yelp.com/biz/le-petit-parisien-new-york-3?adjust_creative=Mra4JCUPAsrzN2f8nCOuQg&utm_campaign=yelp_api_v3&utm_medium=api_v3_business_search&utm_source=Mra4JCUPAsrzN2f8nCOuQg,47,"[{'alias': 'coffee', 'title': 'Coffee & Tea'}, {'alias': 'mediterranean', 'title': 'Mediterranean'}, {'alias': 'sandwiches', 'title': 'Sandwiches'}]",4.0,"{'latitude': 40.803186, 'longitude': -73.949295}","['pickup', 'delivery']","{'address1': '151 Malcolm X Blvd', 'address2': '', 'address3': None, 'city': 'New York', 'zip_code': '10026', 'country': 'US', 'state': 'NY', 'display_address': ['151 Malcolm X Blvd', 'New York, NY 10026']}",+19172620524,(917) 262-0524,11510.230916291304,
43y93456fzLVTF7LdlZikw,la-boulangerie-forest-hills-3,La Boulangerie,https://s3-media4.fl.yelpcdn.com/bphoto/lnLe6QiaNaMz_KwAbuVoAg/o.jpg,False,https://www.yelp.com/biz/la-boulangerie-forest-hills-3?adjust_creative=Mra4JCUPAsrzN2f8nCOuQg&utm_campaign=yelp_api_v3&utm_medium=api_v3_business_search&utm_source=Mra4JCUPAsrzN2f8nCOuQg,657,"[{'alias': 'bakeries', 'title': 'Bakeries'}, {'alias': 'creperies', 'title': 'Creperies'}, {'alias': 'sandwiches', 'title': 'Sandwiches'}]",4.0,"{'latitude': 40.7191996169974, 'longitude': -73.8415304306788}","['pickup', 'delivery']","{'address1': '109-01 72nd Rd', 'address2': '', 'address3': '', 'city': 'Forest Hills', 'zip_code': '11375', 'country': 'US', 'state': 'NY', 'display_address': ['109-01 72nd Rd', 'Forest Hills, NY 11375']}",+13476445606,(347) 644-5606,12966.131427159185,$$
FIPGiBZOPu2DmHcTdQkt_w,orwashers-new-york-2,Orwashers,https://s3-media3.fl.yelpcdn.com/bphoto/xCcUKjZR0uh0xA8HpfDTAg/o.jpg,False,https://www.yelp.com/biz/orwashers-new-york-2?adjust_creative=Mra4JCUPAsrzN2f8nCOuQg&utm_campaign=yelp_api_v3&utm_medium=api_v3_business_search&utm_source=Mra4JCUPAsrzN2f8nCOuQg,276,"[{'alias': 'cafes', 'title': 'Cafes'}, {'alias': 'bakeries', 'title': 'Bakeries'}, {'alias': 'sandwiches', 'title': 'Sandwiches'}]",3.5,"{'latitude': 40.78469, 'longitude': -73.97759}",['delivery'],"{'address1': '440 Amsterdam Ave', 'address2': '', 'address3': '', 'city': 'New York', 'zip_code': '10024', 'country': 'US', 'state': 'NY', 'display_address': ['440 Amsterdam Ave', 'New York, NY 10024']}",+16464617929,(646) 461-7929,8921.54514645062,$$
7YW6FGfOKG5IaSca0wW8WA,orens-coffee-new-york,Oren's Coffee,https://s3-media1.fl.yelpcdn.com/bphoto/SjcX_j8-YYPwTtOX_X8iiw/o.jpg,False,https://www.yelp.com/biz/orens-coffee-new-york?adjust_creative=Mra4JCUPAsrzN2f8nCOuQg&utm_campaign=yelp_api_v3&utm_medium=api_v3_business_search&utm_source=Mra4JCUPAsrzN2f8nCOuQg,170,"[{'alias': 'coffee', 'title': 'Coffee & Tea'}]",3.5,"{'latitude': 40.8054989, 'longitude': -73.965405}","['pickup', 'delivery']","{'address1': '2882 Broadway', 'address2': '', 'address3': '', 'city': 'New York', 'zip_code': '10025', 'country': 'US', 'state': 'NY', 'display_address': ['2882 Broadway', 'New York, NY 10025']}",+12127498779,(212) 749-8779,11385.365860433198,$
rmcuPv8ldKO5A8jd9-Y9zg,french-toast-bakery-jackson-heights,French Toast Bakery,https://s3-media2.fl.yelpcdn.com/bphoto/qRl6DpFbuZwFvcBwe1NHSw/o.jpg,False,https://www.yelp.com/biz/french-toast-bakery-jackson-heights?adjust_creative=Mra4JCUPAsrzN2f8nCOuQg&utm_campaign=yelp_api_v3&utm_medium=api_v3_business_search&utm_source=Mra4JCUPAsrzN2f8nCOuQg,83,"[{'alias': 'bakeries', 'title': 'Bakeries'}, {'alias': 'coffee', 'title': 'Coffee & Tea'}, {'alias': 'sandwiches', 'title': 'Sandwiches'}]",3.5,"{'latitude': 40.746355, 'longitude': -73.895131}","['pickup', 'delivery']","{'address1': '70-06 Roosevelt Ave', 'address2': None, 'address3': None, 'city': 'Jackson Heights', 'zip_code': '11372', 'country': 'US', 'state': 'NY', 'display_address': ['70-06 Roosevelt Ave', 'Jackson Heights, NY 11372']}",+17184409182,(718) 440-9182,9514.15388052581,$
4jtWfrGODTtbg5sar4cjPA,cannelle-patisserie-east-elmhurst,Cannelle Patisserie,https://s3-media1.fl.yelpcdn.com/bphoto/SRhExMwpYX8lwJTXy6Skiw/o.jpg,False,https://www.yelp.com/biz/cannelle-patisserie-east-elmhurst?adjust_creative=Mra4JCUPAsrzN2f8nCOuQg&utm_campaign=yelp_api_v3&utm_medium=api_v3_business_search&utm_source=Mra4JCUPAsrzN2f8nCOuQg,935,"[{'alias': 'bakeries', 'title': 'Bakeries'}, {'alias': 'desserts', 'title': 'Desserts'}, {'alias': 'coffee', 'title': 'Coffee & Tea'}]",4.5,"{'latitude': 40.76008664260544, 'longitude': -73.89201134333493}",['delivery'],"{'address1': '7559 31st Ave', 'address2': '', 'address3': '', 'city': 'East Elmhurst', 'zip_code': '11370', 'country': 'US', 'state': 'NY', 'display_address': ['7559 31st Ave', 'East Elmhurst, NY 11370']}",+17185656200,(718) 565-6200,10544.635692977625,$$
LuZY0fckw5e4vau5V_NwJw,la-promenade-tenafly,La Promenade,https://s3-media4.fl.yelpcdn.com/bphoto/zm4dqBJNp80dq9w_cafkfQ/o.jpg,False,https://www.yelp.com/biz/la-promenade-tenafly?adjust_creative=Mra4JCUPAsrzN2f8nCOuQg&utm_campaign=yelp_api_v3&utm_medium=api_v3_business_search&utm_source=Mra4JCUPAsrzN2f8nCOuQg,81,"[{'alias': 'bakeries', 'title': 'Bakeries'}, {'alias': 'customcakes', 'title': 'Custom Cakes'}, {'alias': 'cafes', 'title': 'Cafes'}]",4.5,"{'latitude': 40.9355677938397, 'longitude': -73.9621737460327}","['pickup', 'delivery']","{'address1': '137 Piermont Rd', 'address2': '', 'address3': '', 'city': 'Tenafly', 'zip_code': '07670', 'country': 'US', 'state': 'NJ', 'display_address': ['137 Piermont Rd', 'Tenafly, NJ 07670']}",+12015672500,(201) 567-2500,25730.81838769657,$$
sBL7J7s4Rnul40-MB0hXbA,perrine-new-york-city,Perrine,https://s3-media4.fl.yelpcdn.com/bphoto/hbhCRhxalk_orOZz_CdAxg/o.jpg,False,https://www.yelp.com/biz/perrine-new-york-city?adjust_creative=Mra4JCUPAsrzN2f8nCOuQg&utm_campaign=yelp_api_v3&utm_medium=api_v3_business_search&utm_source=Mra4JCUPAsrzN2f8nCOuQg,118,"[{'alias': 'newamerican', 'title': 'American (New)'}, {'alias': 'french', 'title': 'French'}]",4.0,"{'latitude': 40.7653271962541, 'longitude': -73.97199900859833}",[],"{'address1': '2 E 61st Street At Fifth Ave', 'address2': 'Ground Floor', 'address3': '', 'city': 'New York City', 'zip_code': '10065', 'country': 'US', 'state': 'NY', 'display_address': ['2 E 61st Street At Fifth Ave', 'Ground Floor', 'New York City, NY 10065']}",+12129408195,(212) 940-8195,6918.486419905498,$$$
Bx9ufqCtxxdl2l6pT3J45g,petrossian-boutique-and-cafe-new-york,Petrossian Boutique & Cafe,https://s3-media3.fl.yelpcdn.com/bphoto/1rdKEPcETJDNFWdU8KK5XQ/o.jpg,False,https://www.yelp.com/biz/petrossian-boutique-and-cafe-new-york?adjust_creative=Mra4JCUPAsrzN2f8nCOuQg&utm_campaign=yelp_api_v3&utm_medium=api_v3_business_search&utm_source=Mra4JCUPAsrzN2f8nCOuQg,369,"[{'alias': 'french', 'title': 'French'}, {'alias': 'seafood', 'title': 'Seafood'}]",4.0,"{'latitude': 40.766026225434, 'longitude': -73.97945224279856}",['delivery'],"{'address1': '911 7th Ave', 'address2': '', 'address3': '', 'city': 'New York', 'zip_code': '10019', 'country': 'US', 'state': 'NY', 'display_address': ['911 7th Ave', 'New York, NY 10019']}",+12122452217,(212) 245-2217,6851.405229992632,$$
lhUm4Olj66LQetyINQzfXQ,la-parisienne-french-bakery-larchmont,La Parisienne French Bakery,https://s3-media3.fl.yelpcdn.com/bphoto/-ICmIqF2WAAEUmtJA0EI4w/o.jpg,False,https://www.yelp.com/biz/la-parisienne-french-bakery-larchmont?adjust_creative=Mra4JCUPAsrzN2f8nCOuQg&utm_campaign=yelp_api_v3&utm_medium=api_v3_business_search&utm_source=Mra4JCUPAsrzN2f8nCOuQg,36,"[{'alias': 'bakeries', 'title': 'Bakeries'}]",3.5,"{'latitude': 40.9277493390252, 'longitude': -73.7520501240686}",['delivery'],"{'address1': '2116 Boston Post Rd', 'address2': None, 'address3': '', 'city': 'Larchmont', 'zip_code': '10538', 'country': 'US', 'state': 'NY', 'display_address': ['2116 Boston Post Rd', 'Larchmont, NY 10538']}",+19146304317,(914) 630-4317,32040.578124175903,$$
zOTRYxeyHl1vRMyDkzGqog,gaby-brasserie-francaise-new-york-2,Gaby Brasserie Francaise,https://s3-media3.fl.yelpcdn.com/bphoto/4XurF-PDzq5-CpPS7k2Ssw/o.jpg,False,https://www.yelp.com/biz/gaby-brasserie-francaise-new-york-2?adjust_creative=Mra4JCUPAsrzN2f8nCOuQg&utm_campaign=yelp_api_v3&utm_medium=api_v3_business_search&utm_source=Mra4JCUPAsrzN2f8nCOuQg,106,"[{'alias': 'french', 'title': 'French'}, {'alias': 'modern_european', 'title': 'Modern European'}, {'alias': 'bars', 'title': 'Bars'}]",3.0,"{'latitude': 40.75613, 'longitude': -73.98154}",[],"{'address1': '44 W 45th St', 'address2': '', 'address3': '', 'city': 'New York', 'zip_code': '10036', 'country': 'US', 'state': 'NY', 'display_address': ['44 W 45th St', 'New York, NY 10036']}",+12127823040,(212) 782-3040,5735.866614214469,$$$
O4FFQ92eT-hdSa7F5TpLTw,inwood-bagels-new-york,Inwood Bagels,https://s3-media1.fl.yelpcdn.com/bphoto/j8cYZXWXz2nJXSoK7x1-ZA/o.jpg,False,https://www.yelp.com/biz/inwood-bagels-new-york?adjust_creative=Mra4JCUPAsrzN2f8nCOuQg&utm_campaign=yelp_api_v3&utm_medium=api_v3_business_search&utm_source=Mra4JCUPAsrzN2f8nCOuQg,117,"[{'alias': 'bagels', 'title': 'Bagels'}, {'alias': 'breakfast_brunch', 'title': 'Breakfast & Brunch'}, {'alias': 'sandwiches', 'title': 'Sandwiches'}]",3.5,"{'latitude': 40.8681222996387, 'longitude': -73.9215536224296}","['pickup', 'delivery']","{'address1': '628 W 207th St', 'address2': '', 'address3': None, 'city': 'New York', 'zip_code': '10034', 'country': 'US', 'state': 'NY', 'display_address': ['628 W 207th St', 'New York, NY 10034']}",+12125697770,(212) 569-7770,19096.31509959812,$
